excluir;unidade;ano;mes;grau;score;predicao_obito;saidas;obitos_esperados;obitos_ocorridos
01/2019;HJK;2019,0;1,0;I;0 a 5;9,3;5,0;0,45999999999999996;0,0
01/2019;HJK;2019,0;1,0;II;6 a 10;55,9;2,0;1,12;0,0
01/2019;HJK;2019,0;1,0;III;11 a 5;73,1;1,0;0,73;0,0
01/2019;HJK;2019,0;1,0;IV;> 15;100;0,0;0,0;0,0
01/2019;HRAD;2019,0;1,0;I;0 a 5;9,3;9,0;0,84;0,0
01/2019;HRAD;2019,0;1,0;II;6 a 10;55,9;3,0;1,68;0,0
01/2019;HRAD;2019,0;1,0;III;11 a 5;73,1;1,0;0,73;0,0
01/2019;HRAD;2019,0;1,0;IV;> 15;100;0,0;0,0;0,0
01/2019;HRJP;2019,0;1,0;I;0 a 5;9,3;3,0;0,28;1,0
01/2019;HRJP;2019,0;1,0;II;6 a 10;55,9;1,0;0,56;0,0
01/2019;HRJP;2019,0;1,0;III;11 a 5;73,1;1,0;0,73;0,0
01/2019;HRJP;2019,0;1,0;IV;> 15;100;0,0;0,0;0,0
01/2019;MOV;2019,0;1,0;I;0 a 5;9,3;3,0;0,28;0,0
01/2019;MOV;2019,0;1,0;II;6 a 10;55,9;4,0;2,24;0,0
01/2019;MOV;2019,0;1,0;III;11 a 5;73,1;0,0;0,0;0,0
01/2019;MOV;2019,0;1,0;IV;> 15;100;0,0;0,0;0,0
02/2019;HJK;2019,0;2,0;I;0 a 5;9,3;4,0;0,37;0,0
02/2019;HJK;2019,0;2,0;II;6 a 10;55,9;2,0;1,12;0,0
02/2019;HJK;2019,0;2,0;III;11 a 5;73,1;4,0;2,92;0,0
02/2019;HJK;2019,0;2,0;IV;> 15;100;0,0;0,0;0,0
02/2019;HRAD;2019,0;2,0;I;0 a 5;9,3;3,0;0,28;0,0
02/2019;HRAD;2019,0;2,0;II;6 a 10;55,9;3,0;1,68;1,0
02/2019;HRAD;2019,0;2,0;III;11 a 5;73,1;0,0;0,0;0,0
02/2019;HRAD;2019,0;2,0;IV;> 15;100;0,0;0,0;0,0
02/2019;HRJP;2019,0;2,0;I;0 a 5;9,3;2,0;0,19;0,0
02/2019;HRJP;2019,0;2,0;II;6 a 10;55,9;1,0;0,56;0,0
02/2019;HRJP;2019,0;2,0;III;11 a 5;73,1;0,0;0,0;0,0
02/2019;HRJP;2019,0;2,0;IV;> 15;100;0,0;0,0;0,0
02/2019;MOV;2019,0;2,0;I;0 a 5;9,3;2,0;0,19;1,0
02/2019;MOV;2019,0;2,0;II;6 a 10;55,9;4,0;2,24;0,0
02/2019;MOV;2019,0;2,0;III;11 a 5;73,1;1,0;0,73;0,0
02/2019;MOV;2019,0;2,0;IV;> 15;100;0,0;0,0;0,0
03/2019;HJK;2019,0;3,0;I;0 a 5;9,3;3,0;0,28;0,0
03/2019;HJK;2019,0;3,0;II;6 a 10;55,9;4,0;2,24;0,0
03/2019;HJK;2019,0;3,0;III;11 a 5;73,1;1,0;0,73;0,0
03/2019;HJK;2019,0;3,0;IV;> 15;100;0,0;0,0;0,0
03/2019;HRAD;2019,0;3,0;I;0 a 5;9,3;6,0;0,56;0,0
03/2019;HRAD;2019,0;3,0;II;6 a 10;55,9;2,0;1,12;1,0
03/2019;HRAD;2019,0;3,0;III;11 a 5;73,1;0,0;0,0;0,0
03/2019;HRAD;2019,0;3,0;IV;> 15;100;0,0;0,0;0,0
03/2019;HRJP;2019,0;3,0;I;0 a 5;9,3;4,0;0,37;0,0
03/2019;HRJP;2019,0;3,0;II;6 a 10;55,9;4,0;2,24;0,0
03/2019;HRJP;2019,0;3,0;III;11 a 5;73,1;0,0;0,0;0,0
03/2019;HRJP;2019,0;3,0;IV;> 15;100;0,0;0,0;0,0
03/2019;MOV;2019,0;3,0;I;0 a 5;9,3;0,0;0,0;0,0
03/2019;MOV;2019,0;3,0;II;6 a 10;55,9;1,0;0,56;0,0
03/2019;MOV;2019,0;3,0;III;11 a 5;73,1;7,0;5,12;4,0
03/2019;MOV;2019,0;3,0;IV;> 15;100;0,0;0,0;0,0
04/2019;HJK;2019,0;4,0;I;0 a 5;9,3;2,0;0,18;0,0
04/2019;HJK;2019,0;4,0;II;6 a 10;55,9;4,0;2,24;1,0
04/2019;HJK;2019,0;4,0;III;11 a 5;73,1;1,0;0,73;0,0
04/2019;HJK;2019,0;4,0;IV;> 15;100;0,0;0,0;0,0
04/2019;HRAD;2019,0;4,0;I;0 a 5;9,3;5,0;0,46;0,0
04/2019;HRAD;2019,0;4,0;II;6 a 10;55,9;1,0;0,56;0,0
04/2019;HRAD;2019,0;4,0;III;11 a 5;73,1;2,0;1,46;2,0
04/2019;HRAD;2019,0;4,0;IV;> 15;100;0,0;0,0;0,0
04/2019;HRJP;2019,0;4,0;I;0 a 5;9,3;3,0;0,28;0,0
04/2019;HRJP;2019,0;4,0;II;6 a 10;55,9;2,0;1,12;0,0
04/2019;HRJP;2019,0;4,0;III;11 a 5;73,1;1,0;0,73;1,0
04/2019;HRJP;2019,0;4,0;IV;> 15;100;0,0;0,0;0,0
04/2019;MOV;2019,0;4,0;I;0 a 5;9,3;1,0;0,09;0,0
04/2019;MOV;2019,0;4,0;II;6 a 10;55,9;1,0;0,56;0,0
04/2019;MOV;2019,0;4,0;III;11 a 5;73,1;2,0;1,46;0,0
04/2019;MOV;2019,0;4,0;IV;> 15;100;0,0;0,0;0,0
05/2019;HJK;2019,0;5,0;I;0 a 5;9,3;3,0;0,28;0,0
05/2019;HJK;2019,0;5,0;II;6 a 10;55,9;4,0;2,24;0,0
05/2019;HJK;2019,0;5,0;III;11 a 5;73,1;3,0;2,19;1,0
05/2019;HJK;2019,0;5,0;IV;> 15;100;0,0;0,0;0,0
05/2019;HRAD;2019,0;5,0;I;0 a 5;9,3;6,0;0,56;0,0
05/2019;HRAD;2019,0;5,0;II;6 a 10;55,9;2,0;1,12;0,0
05/2019;HRAD;2019,0;5,0;III;11 a 5;73,1;2,0;1,46;1,0
05/2019;HRAD;2019,0;5,0;IV;> 15;100;0,0;0,0;0,0
05/2019;HRJP;2019,0;5,0;I;0 a 5;9,3;2,0;0,19;0,0
05/2019;HRJP;2019,0;5,0;II;6 a 10;55,9;0,0;0,0;0,0
05/2019;HRJP;2019,0;5,0;III;11 a 5;73,1;1,0;0,73;1,0
05/2019;HRJP;2019,0;5,0;IV;> 15;100;0,0;0,0;0,0
05/2019;MOV;2019,0;5,0;I;0 a 5;9,3;3,0;0,28;0,0
05/2019;MOV;2019,0;5,0;II;6 a 10;55,9;6,0;3,35;1,0
05/2019;MOV;2019,0;5,0;III;11 a 5;73,1;3,0;2,19;2,0
05/2019;MOV;2019,0;5,0;IV;> 15;100;1,0;1,0;1,0
06/2019;HJK;2019,0;6,0;I;0 a 5;9,3;2,0;0,18;0,0
06/2019;HJK;2019,0;6,0;II;6 a 10;55,9;4,0;2,24;0,0
06/2019;HJK;2019,0;6,0;III;11 a 5;73,1;1,0;0,73;0,0
06/2019;HJK;2019,0;6,0;IV;> 15;100;0,0;0,0;0,0
06/2019;HRAD;2019,0;6,0;I;0 a 5;9,3;6,0;0,56;0,0
06/2019;HRAD;2019,0;6,0;II;6 a 10;55,9;1,0;0,56;1,0
06/2019;HRAD;2019,0;6,0;III;11 a 5;73,1;1,0;0,73;1,0
06/2019;HRAD;2019,0;6,0;IV;> 15;100;0,0;0,0;0,0
06/2019;HRJP;2019,0;6,0;I;0 a 5;9,3;3,0;0,28;0,0
06/2019;HRJP;2019,0;6,0;II;6 a 10;55,9;0,0;0,0;0,0
06/2019;HRJP;2019,0;6,0;III;11 a 5;73,1;0,0;0,0;0,0
06/2019;HRJP;2019,0;6,0;IV;> 15;100;0,0;0,0;0,0
06/2019;MOV;2019,0;6,0;I;0 a 5;9,3;2,0;0,19;0,0
06/2019;MOV;2019,0;6,0;II;6 a 10;55,9;1,0;0,56;1,0
06/2019;MOV;2019,0;6,0;III;11 a 5;73,1;0,0;0,0;0,0
06/2019;MOV;2019,0;6,0;IV;> 15;100;0,0;0,0;0,0
07/2019;HJK;2019,0;7,0;I;0 a 5;9,3;1,0;0,09;0,0
07/2019;HJK;2019,0;7,0;II;6 a 10;55,9;3,0;1,6800000000000002;0,0
07/2019;HJK;2019,0;7,0;III;11 a 5;73,1;1,0;0,73;0,0
07/2019;HJK;2019,0;7,0;IV;> 15;100;0,0;0,0;0,0
07/2019;HRAD;2019,0;7,0;I;0 a 5;9,3;6,0;0,56;0,0
07/2019;HRAD;2019,0;7,0;II;6 a 10;55,9;3,0;1,68;0,0
07/2019;HRAD;2019,0;7,0;III;11 a 5;73,1;2,0;1,46;2,0
07/2019;HRAD;2019,0;7,0;IV;> 15;100;1,0;1,0;0,0
07/2019;HRJP;2019,0;7,0;I;0 a 5;9,3;2,0;0,19;0,0
07/2019;HRJP;2019,0;7,0;II;6 a 10;55,9;3,0;1,68;1,0
07/2019;HRJP;2019,0;7,0;III;11 a 5;73,1;1,0;0,73;1,0
07/2019;HRJP;2019,0;7,0;IV;> 15;100;0,0;0,0;0,0
07/2019;MOV;2019,0;7,0;I;0 a 5;9,3;1,0;0,09;0,0
07/2019;MOV;2019,0;7,0;II;6 a 10;55,9;2,0;1,12;1,0
07/2019;MOV;2019,0;7,0;III;11 a 5;73,1;2,0;1,46;1,0
07/2019;MOV;2019,0;7,0;IV;> 15;100;1,0;1,0;1,0
08/2019;HJK;2019,0;8,0;I;0 a 5;9,3;1,0;0,09;0,0
08/2019;HJK;2019,0;8,0;II;6 a 10;55,9;2,0;1,12;0,0
08/2019;HJK;2019,0;8,0;III;11 a 5;73,1;1,0;0,73;0,0
08/2019;HJK;2019,0;8,0;IV;> 15;100;0,0;0,0;0,0
08/2019;HRAD;2019,0;8,0;I;0 a 5;9,3;4,0;0,37;0,0
08/2019;HRAD;2019,0;8,0;II;6 a 10;55,9;1,0;0,56;0,0
08/2019;HRAD;2019,0;8,0;III;11 a 5;73,1;2,0;1,46;1,0
08/2019;HRAD;2019,0;8,0;IV;> 15;100;0,0;0,0;0,0
08/2019;HRJP;2019,0;8,0;I;0 a 5;9,3;4,0;0,37;1,0
08/2019;HRJP;2019,0;8,0;II;6 a 10;55,9;2,0;1,12;0,0
08/2019;HRJP;2019,0;8,0;III;11 a 5;73,1;0,0;0,0;0,0
08/2019;HRJP;2019,0;8,0;IV;> 15;100;0,0;0,0;0,0
08/2019;MOV;2019,0;8,0;I;0 a 5;9,3;1,0;0,09;0,0
08/2019;MOV;2019,0;8,0;II;6 a 10;55,9;9,0;5,03;1,0
08/2019;MOV;2019,0;8,0;III;11 a 5;73,1;1,0;0,73;0,0
08/2019;MOV;2019,0;8,0;IV;> 15;100;0,0;0,0;0,0
09/2019;HJK;2019,0;9,0;I;0 a 5;9,3;2,0;0,18;0,0
09/2019;HJK;2019,0;9,0;II;6 a 10;55,9;3,0;1,6800000000000002;0,0
09/2019;HJK;2019,0;9,0;III;11 a 5;73,1;3,0;2,19;1,0
09/2019;HJK;2019,0;9,0;IV;> 15;100;1,0;1,0;1,0
09/2019;HRAD;2019,0;9,0;I;0 a 5;9,3;8,0;0,74;0,0
09/2019;HRAD;2019,0;9,0;II;6 a 10;55,9;2,0;1,12;0,0
09/2019;HRAD;2019,0;9,0;III;11 a 5;73,1;0,0;0,0;0,0
09/2019;HRAD;2019,0;9,0;IV;> 15;100;0,0;0,0;0,0
09/2019;HRJP;2019,0;9,0;I;0 a 5;9,3;2,0;0,19;0,0
09/2019;HRJP;2019,0;9,0;II;6 a 10;55,9;1,0;0,56;0,0
09/2019;HRJP;2019,0;9,0;III;11 a 5;73,1;3,0;2,19;2,0
09/2019;HRJP;2019,0;9,0;IV;> 15;100;1,0;1,0;1,0
09/2019;MOV;2019,0;9,0;I;0 a 5;9,3;0,0;0,0;0,0
09/2019;MOV;2019,0;9,0;II;6 a 10;55,9;3,0;1,68;1,0
09/2019;MOV;2019,0;9,0;III;11 a 5;73,1;1,0;0,73;0,0
09/2019;MOV;2019,0;9,0;IV;> 15;100;0,0;0,0;0,0
10/2019;HJK;2019,0;10,0;I;0 a 5;9,3;1,0;0,09;0,0
10/2019;HJK;2019,0;10,0;II;6 a 10;55,9;3,0;1,6800000000000002;0,0
10/2019;HJK;2019,0;10,0;III;11 a 5;73,1;2,0;1,46;0,0
10/2019;HJK;2019,0;10,0;IV;> 15;100;0,0;0,0;0,0
10/2019;HRAD;2019,0;10,0;I;0 a 5;9,3;4,0;0,37;0,0
10/2019;HRAD;2019,0;10,0;II;6 a 10;55,9;1,0;0,56;0,0
10/2019;HRAD;2019,0;10,0;III;11 a 5;73,1;2,0;1,46;0,0
10/2019;HRAD;2019,0;10,0;IV;> 15;100;1,0;1,0;0,0
10/2019;HRJP;2019,0;10,0;I;0 a 5;9,3;1,0;0,09;0,0
10/2019;HRJP;2019,0;10,0;II;6 a 10;55,9;3,0;1,68;1,0
10/2019;HRJP;2019,0;10,0;III;11 a 5;73,1;1,0;0,73;0,0
10/2019;HRJP;2019,0;10,0;IV;> 15;100;1,0;1,0;1,0
10/2019;MOV;2019,0;10,0;I;0 a 5;9,3;2,0;0,19;0,0
10/2019;MOV;2019,0;10,0;II;6 a 10;55,9;3,0;1,68;0,0
10/2019;MOV;2019,0;10,0;III;11 a 5;73,1;2,0;1,46;1,0
10/2019;MOV;2019,0;10,0;IV;> 15;100;0,0;0,0;0,0
11/2019;HJK;2019,0;11,0;I;0 a 5;9,3;4,0;0,37;0,0
11/2019;HJK;2019,0;11,0;II;6 a 10;55,9;2,0;1,12;0,0
11/2019;HJK;2019,0;11,0;III;11 a 5;73,1;4,0;2,92;1,0
11/2019;HJK;2019,0;11,0;IV;> 15;100;0,0;0,0;0,0
11/2019;HRAD;2019,0;11,0;I;0 a 5;9,3;8,0;0,74;0,0
11/2019;HRAD;2019,0;11,0;II;6 a 10;55,9;1,0;0,56;0,0
11/2019;HRAD;2019,0;11,0;III;11 a 5;73,1;2,0;1,46;2,0
11/2019;HRAD;2019,0;11,0;IV;> 15;100;1,0;1,0;1,0
11/2019;HRJP;2019,0;11,0;I;0 a 5;9,3;3,0;0,28;0,0
11/2019;HRJP;2019,0;11,0;II;6 a 10;55,9;3,0;1,68;3,0
11/2019;HRJP;2019,0;11,0;III;11 a 5;73,1;0,0;0,0;0,0
11/2019;HRJP;2019,0;11,0;IV;> 15;100;0,0;0,0;0,0
11/2019;MOV;2019,0;11,0;I;0 a 5;9,3;1,0;0,09;0,0
11/2019;MOV;2019,0;11,0;II;6 a 10;55,9;3,0;1,68;2,0
11/2019;MOV;2019,0;11,0;III;11 a 5;73,1;0,0;0,0;0,0
11/2019;MOV;2019,0;11,0;IV;> 15;100;0,0;0,0;0,0
12/2019;HJK;2019,0;12,0;I;0 a 5;9,3;1,0;0,09;0,0
12/2019;HJK;2019,0;12,0;II;6 a 10;55,9;3,0;1,6800000000000002;0,0
12/2019;HJK;2019,0;12,0;III;11 a 5;73,1;3,0;2,19;0,0
12/2019;HJK;2019,0;12,0;IV;> 15;100;0,0;0,0;0,0
12/2019;HRAD;2019,0;12,0;I;0 a 5;9,3;5,0;0,46;0,0
12/2019;HRAD;2019,0;12,0;II;6 a 10;55,9;3,0;1,68;0,0
12/2019;HRAD;2019,0;12,0;III;11 a 5;73,1;1,0;0,73;0,0
12/2019;HRAD;2019,0;12,0;IV;> 15;100;1,0;1,0;1,0
12/2019;HRJP;2019,0;12,0;I;0 a 5;9,3;0,0;0,0;0,0
12/2019;HRJP;2019,0;12,0;II;6 a 10;55,9;2,0;1,12;0,0
12/2019;HRJP;2019,0;12,0;III;11 a 5;73,1;2,0;1,46;1,0
12/2019;HRJP;2019,0;12,0;IV;> 15;100;1,0;1,0;1,0
12/2019;MOV;2019,0;12,0;I;0 a 5;9,3;3,0;0,28;1,0
12/2019;MOV;2019,0;12,0;II;6 a 10;55,9;5,0;2,8;1,0
12/2019;MOV;2019,0;12,0;III;11 a 5;73,1;1,0;0,73;1,0
12/2019;MOV;2019,0;12,0;IV;> 15;100;0,0;0,0;0,0
01/2020;HJK;2020,0;1,0;I;0 a 5;9,3;2,0;0,18;0,0
01/2020;HJK;2020,0;1,0;II;6 a 10;55,9;4,0;2,24;0,0
01/2020;HJK;2020,0;1,0;III;11 a 5;73,1;1,0;0,73;0,0
01/2020;HJK;2020,0;1,0;IV;> 15;100;0,0;0,0;0,0
01/2020;HRAD;2020,0;1,0;I;0 a 5;9,3;4,0;0,37;0,0
01/2020;HRAD;2020,0;1,0;II;6 a 10;55,9;2,0;1,12;0,0
01/2020;HRAD;2020,0;1,0;III;11 a 5;73,1;2,0;1,46;1,0
01/2020;HRAD;2020,0;1,0;IV;> 15;100;0,0;0,0;0,0
01/2020;HRJP;2020,0;1,0;I;0 a 5;9,3;2,0;0,19;0,0
01/2020;HRJP;2020,0;1,0;II;6 a 10;55,9;2,0;1,12;1,0
01/2020;HRJP;2020,0;1,0;III;11 a 5;73,1;0,0;0,0;0,0
01/2020;HRJP;2020,0;1,0;IV;> 15;100;0,0;0,0;0,0
01/2020;MOV;2020,0;1,0;I;0 a 5;9,3;2,0;0,19;0,0
01/2020;MOV;2020,0;1,0;II;6 a 10;55,9;0,0;0,0;0,0
01/2020;MOV;2020,0;1,0;III;11 a 5;73,1;2,0;1,46;1,0
01/2020;MOV;2020,0;1,0;IV;> 15;100;0,0;0,0;0,0
02/2020;HJK;2020,0;2,0;I;0 a 5;9,3;4,0;0,37;0,0
02/2020;HJK;2020,0;2,0;II;6 a 10;55,9;3,0;1,6800000000000002;0,0
02/2020;HJK;2020,0;2,0;III;11 a 5;73,1;1,0;0,73;0,0
02/2020;HJK;2020,0;2,0;IV;> 15;100;0,0;0,0;0,0
02/2020;HRAD;2020,0;2,0;I;0 a 5;9,3;5,0;0,46;0,0
02/2020;HRAD;2020,0;2,0;II;6 a 10;55,9;2,0;1,12;0,0
02/2020;HRAD;2020,0;2,0;III;11 a 5;73,1;1,0;0,73;0,0
02/2020;HRAD;2020,0;2,0;IV;> 15;100;1,0;1,0;1,0
02/2020;HRJP;2020,0;2,0;I;0 a 5;9,3;1,0;0,09;0,0
02/2020;HRJP;2020,0;2,0;II;6 a 10;55,9;2,0;1,12;0,0
02/2020;HRJP;2020,0;2,0;III;11 a 5;73,1;2,0;1,46;2,0
02/2020;HRJP;2020,0;2,0;IV;> 15;100;0,0;0,0;0,0
02/2020;MOV;2020,0;2,0;I;0 a 5;9,3;1,0;0,09;0,0
02/2020;MOV;2020,0;2,0;II;6 a 10;55,9;1,0;0,56;0,0
02/2020;MOV;2020,0;2,0;III;11 a 5;73,1;2,0;1,46;0,0
02/2020;MOV;2020,0;2,0;IV;> 15;100;1,0;1,0;1,0
03/2020;HJK;2020,0;3,0;I;0 a 5;9,3;2,0;0,18;0,0
03/2020;HJK;2020,0;3,0;II;6 a 10;55,9;2,0;1,12;0,0
03/2020;HJK;2020,0;3,0;III;11 a 5;73,1;1,0;0,73;0,0
03/2020;HJK;2020,0;3,0;IV;> 15;100;1,0;1,0;1,0
03/2020;HRAD;2020,0;3,0;I;0 a 5;9,3;10,0;0,93;0,0
03/2020;HRAD;2020,0;3,0;II;6 a 10;55,9;3,0;1,68;2,0
03/2020;HRAD;2020,0;3,0;III;11 a 5;73,1;1,0;0,73;0,0
03/2020;HRAD;2020,0;3,0;IV;> 15;100;1,0;1,0;1,0
03/2020;HRJP;2020,0;3,0;I;0 a 5;9,3;0,0;0,0;0,0
03/2020;HRJP;2020,0;3,0;II;6 a 10;55,9;1,0;0,56;1,0
03/2020;HRJP;2020,0;3,0;III;11 a 5;73,1;1,0;0,73;1,0
03/2020;HRJP;2020,0;3,0;IV;> 15;100;0,0;0,0;0,0
03/2020;MOV;2020,0;3,0;I;0 a 5;9,3;1,0;0,09;0,0
03/2020;MOV;2020,0;3,0;II;6 a 10;55,9;0,0;0,0;0,0
03/2020;MOV;2020,0;3,0;III;11 a 5;73,1;0,0;0,0;0,0
03/2020;MOV;2020,0;3,0;IV;> 15;100;1,0;1,0;1,0
04/2020;HJK;2020,0;4,0;I;0 a 5;9,3;2,0;0,18;0,0
04/2020;HJK;2020,0;4,0;II;6 a 10;55,9;2,0;1,12;0,0
04/2020;HJK;2020,0;4,0;III;11 a 5;73,1;1,0;0,73;0,0
04/2020;HJK;2020,0;4,0;IV;> 15;100;0,0;0,0;0,0
04/2020;HRAD;2020,0;4,0;I;0 a 5;9,3;6,0;0,56;0,0
04/2020;HRAD;2020,0;4,0;II;6 a 10;55,9;0,0;0,0;0,0
04/2020;HRAD;2020,0;4,0;III;11 a 5;73,1;0,0;0,0;0,0
04/2020;HRAD;2020,0;4,0;IV;> 15;100;2,0;2,0;0,0
04/2020;HRJP;2020,0;4,0;I;0 a 5;9,3;0,0;0,0;0,0
04/2020;HRJP;2020,0;4,0;II;6 a 10;55,9;5,0;2,8;0,0
04/2020;HRJP;2020,0;4,0;III;11 a 5;73,1;0,0;0,0;0,0
04/2020;HRJP;2020,0;4,0;IV;> 15;100;1,0;1,0;1,0
04/2020;MOV;2020,0;4,0;I;0 a 5;9,3;3,0;0,28;0,0
04/2020;MOV;2020,0;4,0;II;6 a 10;55,9;2,0;1,12;0,0
04/2020;MOV;2020,0;4,0;III;11 a 5;73,1;3,0;2,19;2,0
04/2020;MOV;2020,0;4,0;IV;> 15;100;0,0;0,0;0,0
05/2020;HJK;2020,0;5,0;I;0 a 5;9,3;2,0;0,18;0,0
05/2020;HJK;2020,0;5,0;II;6 a 10;55,9;4,0;2,24;0,0
05/2020;HJK;2020,0;5,0;III;11 a 5;73,1;1,0;0,73;0,0
05/2020;HJK;2020,0;5,0;IV;> 15;100;0,0;0,0;0,0
05/2020;HRAD;2020,0;5,0;I;0 a 5;9,3;5,0;0,46;0,0
05/2020;HRAD;2020,0;5,0;II;6 a 10;55,9;3,0;1,68;1,0
05/2020;HRAD;2020,0;5,0;III;11 a 5;73,1;0,0;0,0;0,0
05/2020;HRAD;2020,0;5,0;IV;> 15;100;1,0;1,0;1,0
05/2020;HRJP;2020,0;5,0;I;0 a 5;9,3;0,0;0,0;0,0
05/2020;HRJP;2020,0;5,0;II;6 a 10;55,9;5,0;2,8;0,0
05/2020;HRJP;2020,0;5,0;III;11 a 5;73,1;0,0;0,0;0,0
05/2020;HRJP;2020,0;5,0;IV;> 15;100;1,0;1,0;1,0
05/2020;MOV;2020,0;5,0;I;0 a 5;9,3;0,0;0,0;0,0
05/2020;MOV;2020,0;5,0;II;6 a 10;55,9;1,0;0,56;0,0
05/2020;MOV;2020,0;5,0;III;11 a 5;73,1;1,0;0,73;1,0
05/2020;MOV;2020,0;5,0;IV;> 15;100;1,0;1,0;1,0
06/2020;HJK;2020,0;6,0;I;0 a 5;9,3;2,0;0,18;0,0
06/2020;HJK;2020,0;6,0;II;6 a 10;55,9;5,0;2,8;0,0
06/2020;HJK;2020,0;6,0;III;11 a 5;73,1;1,0;0,73;0,0
06/2020;HJK;2020,0;6,0;IV;> 15;100;0,0;0,0;0,0
06/2020;HRAD;2020,0;6,0;I;0 a 5;9,3;5,0;0,46;0,0
06/2020;HRAD;2020,0;6,0;II;6 a 10;55,9;2,0;1,12;1,0
06/2020;HRAD;2020,0;6,0;III;11 a 5;73,1;0,0;0,0;0,0
06/2020;HRAD;2020,0;6,0;IV;> 15;100;0,0;0,0;0,0
06/2020;HRJP;2020,0;6,0;I;0 a 5;9,3;2,0;0,19;0,0
06/2020;HRJP;2020,0;6,0;II;6 a 10;55,9;0,0;0,0;0,0
06/2020;HRJP;2020,0;6,0;III;11 a 5;73,1;1,0;0,73;0,0
06/2020;HRJP;2020,0;6,0;IV;> 15;100;0,0;0,0;0,0
06/2020;MOV;2020,0;6,0;I;0 a 5;9,3;1,0;0,09;0,0
06/2020;MOV;2020,0;6,0;II;6 a 10;55,9;3,0;1,68;0,0
06/2020;MOV;2020,0;6,0;III;11 a 5;73,1;3,0;2,19;0,0
06/2020;MOV;2020,0;6,0;IV;> 15;100;2,0;2,0;2,0
07/2020;HJK;2020,0;7,0;I;0 a 5;9,3;2,0;0,18;0,0
07/2020;HJK;2020,0;7,0;II;6 a 10;55,9;2,0;1,12;0,0
07/2020;HJK;2020,0;7,0;III;11 a 5;73,1;1,0;0,73;0,0
07/2020;HJK;2020,0;7,0;IV;> 15;100;0,0;0,0;0,0
07/2020;HRAD;2020,0;7,0;I;0 a 5;9,3;4,0;0,37;0,0
07/2020;HRAD;2020,0;7,0;II;6 a 10;55,9;0,0;0,0;0,0
07/2020;HRAD;2020,0;7,0;III;11 a 5;73,1;1,0;0,73;1,0
07/2020;HRAD;2020,0;7,0;IV;> 15;100;1,0;1,0;0,0
07/2020;HRJP;2020,0;7,0;I;0 a 5;9,3;2,0;0,19;0,0
07/2020;HRJP;2020,0;7,0;II;6 a 10;55,9;0,0;0,0;0,0
07/2020;HRJP;2020,0;7,0;III;11 a 5;73,1;0,0;0,0;0,0
07/2020;HRJP;2020,0;7,0;IV;> 15;100;0,0;0,0;0,0
07/2020;MOV;2020,0;7,0;I;0 a 5;9,3;0,0;0,0;0,0
07/2020;MOV;2020,0;7,0;II;6 a 10;55,9;3,0;1,68;0,0
07/2020;MOV;2020,0;7,0;III;11 a 5;73,1;1,0;0,73;0,0
07/2020;MOV;2020,0;7,0;IV;> 15;100;1,0;1,0;1,0
08/2020;HJK;2020,0;8,0;I;0 a 5;9,3;2,0;0,18;0,0
08/2020;HJK;2020,0;8,0;II;6 a 10;55,9;4,0;2,24;0,0
08/2020;HJK;2020,0;8,0;III;11 a 5;73,1;3,0;2,19;2,0
08/2020;HJK;2020,0;8,0;IV;> 15;100;0,0;0,0;0,0
08/2020;HRAD;2020,0;8,0;I;0 a 5;9,3;9,0;0,84;0,0
08/2020;HRAD;2020,0;8,0;II;6 a 10;55,9;3,0;1,68;1,0
08/2020;HRAD;2020,0;8,0;III;11 a 5;73,1;1,0;0,73;1,0
08/2020;HRAD;2020,0;8,0;IV;> 15;100;1,0;1,0;1,0
08/2020;HRJP;2020,0;8,0;I;0 a 5;9,3;1,0;0,09;0,0
08/2020;HRJP;2020,0;8,0;II;6 a 10;55,9;4,0;2,24;0,0
08/2020;HRJP;2020,0;8,0;III;11 a 5;73,1;1,0;0,73;1,0
08/2020;HRJP;2020,0;8,0;IV;> 15;100;0,0;0,0;0,0
08/2020;MOV;2020,0;8,0;I;0 a 5;9,3;0,0;0,0;0,0
08/2020;MOV;2020,0;8,0;II;6 a 10;55,9;0,0;0,0;0,0
08/2020;MOV;2020,0;8,0;III;11 a 5;73,1;1,0;0,73;1,0
08/2020;MOV;2020,0;8,0;IV;> 15;100;3,0;3,0;1,0
09/2020;HJK;2020,0;9,0;I;0 a 5;9,3;1,0;0,09;0,0
09/2020;HJK;2020,0;9,0;II;6 a 10;55,9;2,0;1,12;0,0
09/2020;HJK;2020,0;9,0;III;11 a 5;73,1;2,0;1,46;0,0
09/2020;HJK;2020,0;9,0;IV;> 15;100;0,0;0,0;0,0
09/2020;HRAD;2020,0;9,0;I;0 a 5;9,3;5,0;0,46;0,0
09/2020;HRAD;2020,0;9,0;II;6 a 10;55,9;0,0;0,0;0,0
09/2020;HRAD;2020,0;9,0;III;11 a 5;73,1;1,0;0,73;1,0
09/2020;HRAD;2020,0;9,0;IV;> 15;100;2,0;2,0;2,0
09/2020;HRJP;2020,0;9,0;I;0 a 5;9,3;0,0;0,0;0,0
09/2020;HRJP;2020,0;9,0;II;6 a 10;55,9;0,0;0,0;0,0
09/2020;HRJP;2020,0;9,0;III;11 a 5;73,1;0,0;0,0;0,0
09/2020;HRJP;2020,0;9,0;IV;> 15;100;0,0;0,0;0,0
09/2020;MOV;2020,0;9,0;I;0 a 5;9,3;0,0;0,0;0,0
09/2020;MOV;2020,0;9,0;II;6 a 10;55,9;3,0;1,68;0,0
09/2020;MOV;2020,0;9,0;III;11 a 5;73,1;2,0;1,46;0,0
09/2020;MOV;2020,0;9,0;IV;> 15;100;1,0;1,0;1,0
10/2020;HJK;2020,0;10,0;I;0 a 5;9,3;2,0;0,18;0,0
10/2020;HJK;2020,0;10,0;II;6 a 10;55,9;2,0;1,12;0,0
10/2020;HJK;2020,0;10,0;III;11 a 5;73,1;1,0;0,73;0,0
10/2020;HJK;2020,0;10,0;IV;> 15;100;0,0;0,0;0,0
10/2020;HRAD;2020,0;10,0;I;0 a 5;9,3;5,0;0,46;0,0
10/2020;HRAD;2020,0;10,0;II;6 a 10;55,9;2,0;1,12;0,0
10/2020;HRAD;2020,0;10,0;III;11 a 5;73,1;1,0;0,73;1,0
10/2020;HRAD;2020,0;10,0;IV;> 15;100;2,0;2,0;2,0
10/2020;HRJP;2020,0;10,0;I;0 a 5;9,3;4,0;0,37;0,0
10/2020;HRJP;2020,0;10,0;II;6 a 10;55,9;1,0;0,56;0,0
10/2020;HRJP;2020,0;10,0;III;11 a 5;73,1;0,0;0,0;0,0
10/2020;HRJP;2020,0;10,0;IV;> 15;100;0,0;0,0;0,0
10/2020;MOV;2020,0;10,0;I;0 a 5;9,3;1,0;0,09;0,0
10/2020;MOV;2020,0;10,0;II;6 a 10;55,9;1,0;0,56;0,0
10/2020;MOV;2020,0;10,0;III;11 a 5;73,1;0,0;0,0;0,0
10/2020;MOV;2020,0;10,0;IV;> 15;100;0,0;0,0;0,0
11/2020;HJK;2020,0;11,0;I;0 a 5;9,3;1,0;0,09;0,0
11/2020;HJK;2020,0;11,0;II;6 a 10;55,9;4,0;2,24;1,0
11/2020;HJK;2020,0;11,0;III;11 a 5;73,1;1,0;0,73;0,0
11/2020;HJK;2020,0;11,0;IV;> 15;100;0,0;0,0;0,0
11/2020;HRAD;2020,0;11,0;I;0 a 5;9,3;10,0;0,93;1,0
11/2020;HRAD;2020,0;11,0;II;6 a 10;55,9;3,0;1,68;0,0
11/2020;HRAD;2020,0;11,0;III;11 a 5;73,1;0,0;0,0;0,0
11/2020;HRAD;2020,0;11,0;IV;> 15;100;0,0;0,0;0,0
11/2020;HRJP;2020,0;11,0;I;0 a 5;9,3;1,0;0,09;0,0
11/2020;HRJP;2020,0;11,0;II;6 a 10;55,9;1,0;0,56;0,0
11/2020;HRJP;2020,0;11,0;III;11 a 5;73,1;1,0;0,73;0,0
11/2020;HRJP;2020,0;11,0;IV;> 15;100;0,0;0,0;0,0
11/2020;MOV;2020,0;11,0;I;0 a 5;9,3;1,0;0,09;0,0
11/2020;MOV;2020,0;11,0;II;6 a 10;55,9;5,0;2,8;0,0
11/2020;MOV;2020,0;11,0;III;11 a 5;73,1;1,0;0,73;0,0
11/2020;MOV;2020,0;11,0;IV;> 15;100;0,0;0,0;0,0
12/2020;HJK;2020,0;12,0;I;0 a 5;9,3;1,0;0,09;0,0
12/2020;HJK;2020,0;12,0;II;6 a 10;55,9;4,0;2,24;1,0
12/2020;HJK;2020,0;12,0;III;11 a 5;73,1;1,0;0,73;0,0
12/2020;HJK;2020,0;12,0;IV;> 15;100;0,0;0,0;0,0
12/2020;HRAD;2020,0;12,0;I;0 a 5;9,3;11,0;1,02;0,0
12/2020;HRAD;2020,0;12,0;II;6 a 10;55,9;1,0;0,56;1,0
12/2020;HRAD;2020,0;12,0;III;11 a 5;73,1;0,0;0,0;0,0
12/2020;HRAD;2020,0;12,0;IV;> 15;100;0,0;0,0;0,0
12/2020;HRJP;2020,0;12,0;I;0 a 5;9,3;1,0;0,09;0,0
12/2020;HRJP;2020,0;12,0;II;6 a 10;55,9;4,0;2,24;0,0
12/2020;HRJP;2020,0;12,0;III;11 a 5;73,1;3,0;2,19;1,0
12/2020;HRJP;2020,0;12,0;IV;> 15;100;0,0;0,0;0,0
12/2020;MOV;2020,0;12,0;I;0 a 5;9,3;4,0;0,37;1,0
12/2020;MOV;2020,0;12,0;II;6 a 10;55,9;3,0;1,68;1,0
12/2020;MOV;2020,0;12,0;III;11 a 5;73,1;2,0;1,46;1,0
12/2020;MOV;2020,0;12,0;IV;> 15;100;0,0;0,0;0,0
01/2021;HJK;2021,0;1,0;I;0 a 5;9,3;1,0;0,09;0,0
01/2021;HJK;2021,0;1,0;II;6 a 10;55,9;4,0;2,24;0,0
01/2021;HJK;2021,0;1,0;III;11 a 5;73,1;3,0;2,19;0,0
01/2021;HJK;2021,0;1,0;IV;> 15;100;0,0;0,0;0,0
01/2021;HRAD;2021,0;1,0;I;0 a 5;9,3;3,0;0,28;0,0
01/2021;HRAD;2021,0;1,0;II;6 a 10;55,9;3,0;1,68;1,0
01/2021;HRAD;2021,0;1,0;III;11 a 5;73,1;1,0;0,73;0,0
01/2021;HRAD;2021,0;1,0;IV;> 15;100;0,0;0,0;0,0
01/2021;HRJP;2021,0;1,0;I;0 a 5;9,3;1,0;0,09;0,0
01/2021;HRJP;2021,0;1,0;II;6 a 10;55,9;1,0;0,56;0,0
01/2021;HRJP;2021,0;1,0;III;11 a 5;73,1;1,0;0,73;1,0
01/2021;HRJP;2021,0;1,0;IV;> 15;100;0,0;0,0;0,0
01/2021;MOV;2021,0;1,0;I;0 a 5;9,3;4,0;0,37;0,0
01/2021;MOV;2021,0;1,0;II;6 a 10;55,9;0,0;0,0;0,0
01/2021;MOV;2021,0;1,0;III;11 a 5;73,1;1,0;0,73;0,0
01/2021;MOV;2021,0;1,0;IV;> 15;100;0,0;0,0;0,0
02/2021;HJK;2021,0;2,0;I;0 a 5;9,3;2,0;0,18;0,0
02/2021;HJK;2021,0;2,0;II;6 a 10;55,9;3,0;1,6800000000000002;0,0
02/2021;HJK;2021,0;2,0;III;11 a 5;73,1;1,0;0,73;0,0
02/2021;HJK;2021,0;2,0;IV;> 15;100;0,0;0,0;0,0
02/2021;HRAD;2021,0;2,0;I;0 a 5;9,3;5,0;0,46;0,0
02/2021;HRAD;2021,0;2,0;II;6 a 10;55,9;1,0;0,56;1,0
02/2021;HRAD;2021,0;2,0;III;11 a 5;73,1;0,0;0,0;0,0
02/2021;HRAD;2021,0;2,0;IV;> 15;100;0,0;0,0;0,0
02/2021;HRJP;2021,0;2,0;I;0 a 5;9,3;0,0;0,0;0,0
02/2021;HRJP;2021,0;2,0;II;6 a 10;55,9;1,0;0,56;0,0
02/2021;HRJP;2021,0;2,0;III;11 a 5;73,1;0,0;0,0;0,0
02/2021;HRJP;2021,0;2,0;IV;> 15;100;2,0;2,0;2,0
02/2021;MOV;2021,0;2,0;I;0 a 5;9,3;3,0;0,28;0,0
02/2021;MOV;2021,0;2,0;II;6 a 10;55,9;1,0;0,56;0,0
02/2021;MOV;2021,0;2,0;III;11 a 5;73,1;1,0;0,73;0,0
02/2021;MOV;2021,0;2,0;IV;> 15;100;1,0;1,0;1,0
03/2021;HJK;2021,0;3,0;I;0 a 5;9,3;1,0;0,09;0,0
03/2021;HJK;2021,0;3,0;II;6 a 10;55,9;2,0;1,12;0,0
03/2021;HJK;2021,0;3,0;III;11 a 5;73,1;1,0;0,73;0,0
03/2021;HJK;2021,0;3,0;IV;> 15;100;0,0;0,0;0,0
03/2021;HRAD;2021,0;3,0;I;0 a 5;9,3;6,0;0,56;1,0
03/2021;HRAD;2021,0;3,0;II;6 a 10;55,9;1,0;0,56;1,0
03/2021;HRAD;2021,0;3,0;III;11 a 5;73,1;1,0;0,73;0,0
03/2021;HRAD;2021,0;3,0;IV;> 15;100;1,0;1,0;1,0
03/2021;HRJP;2021,0;3,0;I;0 a 5;9,3;0,0;0,0;0,0
03/2021;HRJP;2021,0;3,0;II;6 a 10;55,9;1,0;0,56;0,0
03/2021;HRJP;2021,0;3,0;III;11 a 5;73,1;1,0;0,73;0,0
03/2021;HRJP;2021,0;3,0;IV;> 15;100;0,0;0,0;0,0
03/2021;MOV;2021,0;3,0;I;0 a 5;9,3;0,0;0,0;0,0
03/2021;MOV;2021,0;3,0;II;6 a 10;55,9;1,0;0,56;0,0
03/2021;MOV;2021,0;3,0;III;11 a 5;73,1;1,0;0,73;0,0
03/2021;MOV;2021,0;3,0;IV;> 15;100;0,0;0,0;0,0
04/2021;HJK;2021,0;4,0;I;0 a 5;9,3;2,0;0,18;0,0
04/2021;HJK;2021,0;4,0;II;6 a 10;55,9;3,0;1,6800000000000002;0,0
04/2021;HJK;2021,0;4,0;III;11 a 5;73,1;1,0;0,73;0,0
04/2021;HJK;2021,0;4,0;IV;> 15;100;0,0;0,0;0,0
04/2021;HRAD;2021,0;4,0;I;0 a 5;9,3;12,0;1,12;0,0
04/2021;HRAD;2021,0;4,0;II;6 a 10;55,9;3,0;1,68;0,0
04/2021;HRAD;2021,0;4,0;III;11 a 5;73,1;0,0;0,0;0,0
04/2021;HRAD;2021,0;4,0;IV;> 15;100;0,0;0,0;0,0
04/2021;HRJP;2021,0;4,0;I;0 a 5;9,3;3,0;0,28;0,0
04/2021;HRJP;2021,0;4,0;II;6 a 10;55,9;0,0;0,0;0,0
04/2021;HRJP;2021,0;4,0;III;11 a 5;73,1;0,0;0,0;0,0
04/2021;HRJP;2021,0;4,0;IV;> 15;100;0,0;0,0;0,0
04/2021;MOV;2021,0;4,0;I;0 a 5;9,3;0,0;0,0;0,0
04/2021;MOV;2021,0;4,0;II;6 a 10;55,9;2,0;1,12;0,0
04/2021;MOV;2021,0;4,0;III;11 a 5;73,1;2,0;1,46;0,0
04/2021;MOV;2021,0;4,0;IV;> 15;100;0,0;0,0;0,0
05/2021;HJK;2021,0;5,0;I;0 a 5;9,3;3,0;0,28;0,0
05/2021;HJK;2021,0;5,0;II;6 a 10;55,9;2,0;1,12;0,0
05/2021;HJK;2021,0;5,0;III;11 a 5;73,1;2,0;1,46;1,0
05/2021;HJK;2021,0;5,0;IV;> 15;100;0,0;0,0;0,0
05/2021;HRAD;2021,0;5,0;I;0 a 5;9,3;7,0;0,65;0,0
05/2021;HRAD;2021,0;5,0;II;6 a 10;55,9;1,0;0,56;0,0
05/2021;HRAD;2021,0;5,0;III;11 a 5;73,1;0,0;0,0;0,0
05/2021;HRAD;2021,0;5,0;IV;> 15;100;0,0;0,0;0,0
05/2021;HRJP;2021,0;5,0;I;0 a 5;9,3;3,0;0,28;1,0
05/2021;HRJP;2021,0;5,0;II;6 a 10;55,9;1,0;0,56;0,0
05/2021;HRJP;2021,0;5,0;III;11 a 5;73,1;1,0;0,73;0,0
05/2021;HRJP;2021,0;5,0;IV;> 15;100;0,0;0,0;0,0
05/2021;MOV;2021,0;5,0;I;0 a 5;9,3;0,0;0,0;0,0
05/2021;MOV;2021,0;5,0;II;6 a 10;55,9;2,0;1,12;0,0
05/2021;MOV;2021,0;5,0;III;11 a 5;73,1;1,0;0,73;1,0
05/2021;MOV;2021,0;5,0;IV;> 15;100;0,0;0,0;0,0
06/2021;HJK;2021,0;6,0;I;0 a 5;9,3;1,0;0,09;0,0
06/2021;HJK;2021,0;6,0;II;6 a 10;55,9;2,0;1,12;0,0
06/2021;HJK;2021,0;6,0;III;11 a 5;73,1;2,0;1,46;0,0
06/2021;HJK;2021,0;6,0;IV;> 15;100;0,0;0,0;0,0
06/2021;HRAD;2021,0;6,0;I;0 a 5;9,3;9,0;0,84;0,0
06/2021;HRAD;2021,0;6,0;II;6 a 10;55,9;3,0;1,68;0,0
06/2021;HRAD;2021,0;6,0;III;11 a 5;73,1;0,0;0,0;0,0
06/2021;HRAD;2021,0;6,0;IV;> 15;100;0,0;0,0;0,0
06/2021;HRJP;2021,0;6,0;I;0 a 5;9,3;1,0;0,09;1,0
06/2021;HRJP;2021,0;6,0;II;6 a 10;55,9;3,0;1,68;0,0
06/2021;HRJP;2021,0;6,0;III;11 a 5;73,1;0,0;0,0;0,0
06/2021;HRJP;2021,0;6,0;IV;> 15;100;0,0;0,0;0,0
06/2021;MOV;2021,0;6,0;I;0 a 5;9,3;1,0;0,09;0,0
06/2021;MOV;2021,0;6,0;II;6 a 10;55,9;0,0;0,0;0,0
06/2021;MOV;2021,0;6,0;III;11 a 5;73,1;0,0;0,0;0,0
06/2021;MOV;2021,0;6,0;IV;> 15;100;0,0;0,0;0,0
07/2021;HJK;2021,0;7,0;I;0 a 5;9,3;2,0;0,18;0,0
07/2021;HJK;2021,0;7,0;II;6 a 10;55,9;2,0;1,12;0,0
07/2021;HJK;2021,0;7,0;III;11 a 5;73,1;1,0;0,73;0,0
07/2021;HJK;2021,0;7,0;IV;> 15;100;1,0;1,0;1,0
07/2021;HRAD;2021,0;7,0;I;0 a 5;9,3;11,0;1,02;0,0
07/2021;HRAD;2021,0;7,0;II;6 a 10;55,9;1,0;0,56;1,0
07/2021;HRAD;2021,0;7,0;III;11 a 5;73,1;1,0;0,73;0,0
07/2021;HRAD;2021,0;7,0;IV;> 15;100;0,0;0,0;0,0
07/2021;HRJP;2021,0;7,0;I;0 a 5;9,3;2,0;0,19;0,0
07/2021;HRJP;2021,0;7,0;II;6 a 10;55,9;1,0;0,56;0,0
07/2021;HRJP;2021,0;7,0;III;11 a 5;73,1;0,0;0,0;0,0
07/2021;HRJP;2021,0;7,0;IV;> 15;100;1,0;1,0;1,0
07/2021;MOV;2021,0;7,0;I;0 a 5;9,3;0,0;0,0;0,0
07/2021;MOV;2021,0;7,0;II;6 a 10;55,9;2,0;1,12;1,0
07/2021;MOV;2021,0;7,0;III;11 a 5;73,1;3,0;2,19;3,0
07/2021;MOV;2021,0;7,0;IV;> 15;100;3,0;3,0;3,0
08/2021;HJK;2021,0;8,0;I;0 a 5;9,3;2,0;0,18;0,0
08/2021;HJK;2021,0;8,0;II;6 a 10;55,9;3,0;1,6800000000000002;0,0
08/2021;HJK;2021,0;8,0;III;11 a 5;73,1;1,0;0,73;0,0
08/2021;HJK;2021,0;8,0;IV;> 15;100;0,0;0,0;0,0
08/2021;HRAD;2021,0;8,0;I;0 a 5;9,3;10,0;0,93;1,0
08/2021;HRAD;2021,0;8,0;II;6 a 10;55,9;0,0;0,0;0,0
08/2021;HRAD;2021,0;8,0;III;11 a 5;73,1;0,0;0,0;0,0
08/2021;HRAD;2021,0;8,0;IV;> 15;100;0,0;0,0;0,0
08/2021;HRJP;2021,0;8,0;I;0 a 5;9,3;1,0;0,09;0,0
08/2021;HRJP;2021,0;8,0;II;6 a 10;55,9;3,0;1,68;0,0
08/2021;HRJP;2021,0;8,0;III;11 a 5;73,1;1,0;0,73;0,0
08/2021;HRJP;2021,0;8,0;IV;> 15;100;0,0;0,0;0,0
08/2021;MOV;2021,0;8,0;I;0 a 5;9,3;0,0;0,0;0,0
08/2021;MOV;2021,0;8,0;II;6 a 10;55,9;4,0;2,24;1,0
08/2021;MOV;2021,0;8,0;III;11 a 5;73,1;1,0;0,73;1,0
08/2021;MOV;2021,0;8,0;IV;> 15;100;0,0;0,0;0,0
09/2021;HJK;2021,0;9,0;I;0 a 5;9,3;1,0;0,09;0,0
09/2021;HJK;2021,0;9,0;II;6 a 10;55,9;2,0;1,12;0,0
09/2021;HJK;2021,0;9,0;III;11 a 5;73,1;1,0;0,73;0,0
09/2021;HJK;2021,0;9,0;IV;> 15;100;0,0;0,0;0,0
09/2021;HRAD;2021,0;9,0;I;0 a 5;9,3;11,0;1,02;0,0
09/2021;HRAD;2021,0;9,0;II;6 a 10;55,9;0,0;0,0;0,0
09/2021;HRAD;2021,0;9,0;III;11 a 5;73,1;0,0;0,0;0,0
09/2021;HRAD;2021,0;9,0;IV;> 15;100;0,0;0,0;0,0
09/2021;HRJP;2021,0;9,0;I;0 a 5;9,3;1,0;0,09;0,0
09/2021;HRJP;2021,0;9,0;II;6 a 10;55,9;0,0;0,0;0,0
09/2021;HRJP;2021,0;9,0;III;11 a 5;73,1;0,0;0,0;0,0
09/2021;HRJP;2021,0;9,0;IV;> 15;100;0,0;0,0;0,0
09/2021;MOV;2021,0;9,0;I;0 a 5;9,3;2,0;0,19;0,0
09/2021;MOV;2021,0;9,0;II;6 a 10;55,9;1,0;0,56;0,0
09/2021;MOV;2021,0;9,0;III;11 a 5;73,1;2,0;1,46;1,0
09/2021;MOV;2021,0;9,0;IV;> 15;100;0,0;0,0;0,0
10/2021;HJK;2021,0;10,0;I;0 a 5;9,3;1,0;0,09;0,0
10/2021;HJK;2021,0;10,0;II;6 a 10;55,9;2,0;1,12;0,0
10/2021;HJK;2021,0;10,0;III;11 a 5;73,1;2,0;1,46;1,0
10/2021;HJK;2021,0;10,0;IV;> 15;100;0,0;0,0;0,0
10/2021;HRAD;2021,0;10,0;I;0 a 5;9,3;9,0;0,84;0,0
10/2021;HRAD;2021,0;10,0;II;6 a 10;55,9;3,0;1,68;1,0
10/2021;HRAD;2021,0;10,0;III;11 a 5;73,1;1,0;0,73;0,0
10/2021;HRAD;2021,0;10,0;IV;> 15;100;0,0;0,0;0,0
10/2021;HRJP;2021,0;10,0;I;0 a 5;9,3;1,0;0,09;0,0
10/2021;HRJP;2021,0;10,0;II;6 a 10;55,9;0,0;0,0;0,0
10/2021;HRJP;2021,0;10,0;III;11 a 5;73,1;0,0;0,0;0,0
10/2021;HRJP;2021,0;10,0;IV;> 15;100;0,0;0,0;0,0
10/2021;MOV;2021,0;10,0;I;0 a 5;9,3;3,0;0,28;0,0
10/2021;MOV;2021,0;10,0;II;6 a 10;55,9;2,0;1,12;0,0
10/2021;MOV;2021,0;10,0;III;11 a 5;73,1;1,0;0,73;1,0
10/2021;MOV;2021,0;10,0;IV;> 15;100;0,0;0,0;0,0
11/2021;HJK;2021,0;11,0;I;0 a 5;9,3;1,0;0,09;0,0
11/2021;HJK;2021,0;11,0;II;6 a 10;55,9;2,0;1,12;0,0
11/2021;HJK;2021,0;11,0;III;11 a 5;73,1;1,0;0,73;0,0
11/2021;HJK;2021,0;11,0;IV;> 15;100;0,0;0,0;0,0
11/2021;HRAD;2021,0;11,0;I;0 a 5;9,3;9,0;0,84;0,0
11/2021;HRAD;2021,0;11,0;II;6 a 10;55,9;2,0;1,12;0,0
11/2021;HRAD;2021,0;11,0;III;11 a 5;73,1;1,0;0,73;1,0
11/2021;HRAD;2021,0;11,0;IV;> 15;100;0,0;0,0;0,0
11/2021;HRJP;2021,0;11,0;I;0 a 5;9,3;2,0;0,19;0,0
11/2021;HRJP;2021,0;11,0;II;6 a 10;55,9;4,0;2,24;1,0
11/2021;HRJP;2021,0;11,0;III;11 a 5;73,1;0,0;0,0;0,0
11/2021;HRJP;2021,0;11,0;IV;> 15;100;0,0;0,0;0,0
11/2021;MOV;2021,0;11,0;I;0 a 5;9,3;1,0;0,09;0,0
11/2021;MOV;2021,0;11,0;II;6 a 10;55,9;1,0;0,56;0,0
11/2021;MOV;2021,0;11,0;III;11 a 5;73,1;4,0;2,92;3,0
11/2021;MOV;2021,0;11,0;IV;> 15;100;2,0;2,0;2,0
12/2021;HJK;2021,0;12,0;I;0 a 5;9,3;1,0;0,09;0,0
12/2021;HJK;2021,0;12,0;II;6 a 10;55,9;2,0;1,12;0,0
12/2021;HJK;2021,0;12,0;III;11 a 5;73,1;2,0;1,46;0,0
12/2021;HJK;2021,0;12,0;IV;> 15;100;0,0;0,0;0,0
12/2021;HRAD;2021,0;12,0;I;0 a 5;9,3;7,0;0,65;1,0
12/2021;HRAD;2021,0;12,0;II;6 a 10;55,9;0,0;0,0;0,0
12/2021;HRAD;2021,0;12,0;III;11 a 5;73,1;0,0;0,0;0,0
12/2021;HRAD;2021,0;12,0;IV;> 15;100;0,0;0,0;0,0
12/2021;HRJP;2021,0;12,0;I;0 a 5;9,3;0,0;0,0;0,0
12/2021;HRJP;2021,0;12,0;II;6 a 10;55,9;1,0;0,56;0,0
12/2021;HRJP;2021,0;12,0;III;11 a 5;73,1;2,0;1,46;1,0
12/2021;HRJP;2021,0;12,0;IV;> 15;100;0,0;0,0;0,0
12/2021;MOV;2021,0;12,0;I;0 a 5;9,3;1,0;0,09;0,0
12/2021;MOV;2021,0;12,0;II;6 a 10;55,9;0,0;0,0;0,0
12/2021;MOV;2021,0;12,0;III;11 a 5;73,1;0,0;0,0;0,0
12/2021;MOV;2021,0;12,0;IV;> 15;100;0,0;0,0;0,0
01/2022;HJK;2022,0;1,0;I;0 a 5;9,3;1,0;0,09;0,0
01/2022;HJK;2022,0;1,0;II;6 a 10;55,9;3,0;1,6800000000000002;0,0
01/2022;HJK;2022,0;1,0;III;11 a 5;73,1;2,0;1,46;0,0
01/2022;HJK;2022,0;1,0;IV;> 15;100;0,0;0,0;0,0
01/2022;HRAD;2022,0;1,0;I;0 a 5;9,3;8,0;0,74;1,0
01/2022;HRAD;2022,0;1,0;II;6 a 10;55,9;3,0;1,68;1,0
01/2022;HRAD;2022,0;1,0;III;11 a 5;73,1;1,0;0,73;0,0
01/2022;HRAD;2022,0;1,0;IV;> 15;100;0,0;0,0;0,0
01/2022;HRJP;2022,0;1,0;I;0 a 5;9,3;1,0;0,09;0,0
01/2022;HRJP;2022,0;1,0;II;6 a 10;55,9;2,0;1,12;0,0
01/2022;HRJP;2022,0;1,0;III;11 a 5;73,1;1,0;0,73;1,0
01/2022;HRJP;2022,0;1,0;IV;> 15;100;0,0;0,0;0,0
01/2022;MOV;2022,0;1,0;I;0 a 5;9,3;1,0;0,09;0,0
01/2022;MOV;2022,0;1,0;II;6 a 10;55,9;1,0;0,56;0,0
01/2022;MOV;2022,0;1,0;III;11 a 5;73,1;1,0;0,73;1,0
01/2022;MOV;2022,0;1,0;IV;> 15;100;0,0;0,0;0,0
02/2022;HJK;2022,0;2,0;I;0 a 5;9,3;2,0;0,18;0,0
02/2022;HJK;2022,0;2,0;II;6 a 10;55,9;4,0;2,24;0,0
02/2022;HJK;2022,0;2,0;III;11 a 5;73,1;1,0;0,73;0,0
02/2022;HJK;2022,0;2,0;IV;> 15;100;0,0;0,0;0,0
02/2022;HRAD;2022,0;2,0;I;0 a 5;9,3;8,0;0,74;0,0
02/2022;HRAD;2022,0;2,0;II;6 a 10;55,9;0,0;0,0;0,0
02/2022;HRAD;2022,0;2,0;III;11 a 5;73,1;0,0;0,0;0,0
02/2022;HRAD;2022,0;2,0;IV;> 15;100;0,0;0,0;0,0
02/2022;HRJP;2022,0;2,0;I;0 a 5;9,3;1,0;0,09;0,0
02/2022;HRJP;2022,0;2,0;II;6 a 10;55,9;2,0;1,12;0,0
02/2022;HRJP;2022,0;2,0;III;11 a 5;73,1;0,0;0,0;0,0
02/2022;HRJP;2022,0;2,0;IV;> 15;100;0,0;0,0;0,0
02/2022;MOV;2022,0;2,0;I;0 a 5;9,3;1,0;0,09;0,0
02/2022;MOV;2022,0;2,0;II;6 a 10;55,9;4,0;2,24;1,0
02/2022;MOV;2022,0;2,0;III;11 a 5;73,1;0,0;0,0;0,0
02/2022;MOV;2022,0;2,0;IV;> 15;100;0,0;0,0;0,0
03/2022;HJK;2022,0;3,0;I;0 a 5;9,3;1,0;0,09;0,0
03/2022;HJK;2022,0;3,0;II;6 a 10;55,9;3,0;1,6800000000000002;0,0
03/2022;HJK;2022,0;3,0;III;11 a 5;73,1;2,0;1,46;1,0
03/2022;HJK;2022,0;3,0;IV;> 15;100;0,0;0,0;0,0
03/2022;HRAD;2022,0;3,0;I;0 a 5;9,3;10,0;0,93;0,0
03/2022;HRAD;2022,0;3,0;II;6 a 10;55,9;2,0;1,12;1,0
03/2022;HRAD;2022,0;3,0;III;11 a 5;73,1;2,0;1,46;1,0
03/2022;HRAD;2022,0;3,0;IV;> 15;100;1,0;1,0;1,0
03/2022;HRJP;2022,0;3,0;I;0 a 5;9,3;0,0;0,0;0,0
03/2022;HRJP;2022,0;3,0;II;6 a 10;55,9;1,0;0,56;0,0
03/2022;HRJP;2022,0;3,0;III;11 a 5;73,1;1,0;0,73;0,0
03/2022;HRJP;2022,0;3,0;IV;> 15;100;1,0;1,0;1,0
03/2022;MOV;2022,0;3,0;I;0 a 5;9,3;0,0;0,0;0,0
03/2022;MOV;2022,0;3,0;II;6 a 10;55,9;3,0;1,68;0,0
03/2022;MOV;2022,0;3,0;III;11 a 5;73,1;2,0;1,46;0,0
03/2022;MOV;2022,0;3,0;IV;> 15;100;0,0;0,0;0,0
04/2022;HJK;2022,0;4,0;I;0 a 5;9,3;1,0;0,09;0,0
04/2022;HJK;2022,0;4,0;II;6 a 10;55,9;2,0;1,12;0,0
04/2022;HJK;2022,0;4,0;III;11 a 5;73,1;1,0;0,73;0,0
04/2022;HJK;2022,0;4,0;IV;> 15;100;0,0;0,0;0,0
04/2022;HRAD;2022,0;4,0;I;0 a 5;9,3;9,0;0,84;0,0
04/2022;HRAD;2022,0;4,0;II;6 a 10;55,9;0,0;0,0;0,0
04/2022;HRAD;2022,0;4,0;III;11 a 5;73,1;1,0;0,73;1,0
04/2022;HRAD;2022,0;4,0;IV;> 15;100;0,0;0,0;0,0
04/2022;HRJP;2022,0;4,0;I;0 a 5;9,3;0,0;0,0;0,0
04/2022;HRJP;2022,0;4,0;II;6 a 10;55,9;1,0;0,56;1,0
04/2022;HRJP;2022,0;4,0;III;11 a 5;73,1;0,0;0,0;0,0
04/2022;HRJP;2022,0;4,0;IV;> 15;100;0,0;0,0;0,0
04/2022;MOV;2022,0;4,0;I;0 a 5;9,3;0,0;0,0;0,0
04/2022;MOV;2022,0;4,0;II;6 a 10;55,9;5,0;2,8;1,0
04/2022;MOV;2022,0;4,0;III;11 a 5;73,1;0,0;0,0;0,0
04/2022;MOV;2022,0;4,0;IV;> 15;100;0,0;0,0;0,0
05/2022;HJK;2022,0;5,0;I;0 a 5;9,3;1,0;0,09;0,0
05/2022;HJK;2022,0;5,0;II;6 a 10;55,9;2,0;1,12;0,0
05/2022;HJK;2022,0;5,0;III;11 a 5;73,1;2,0;1,46;1,0
05/2022;HJK;2022,0;5,0;IV;> 15;100;0,0;0,0;0,0
05/2022;HRAD;2022,0;5,0;I;0 a 5;9,3;7,0;0,65;0,0
05/2022;HRAD;2022,0;5,0;II;6 a 10;55,9;0,0;0,0;0,0
05/2022;HRAD;2022,0;5,0;III;11 a 5;73,1;1,0;0,73;1,0
05/2022;HRAD;2022,0;5,0;IV;> 15;100;1,0;1,0;1,0
05/2022;HRJP;2022,0;5,0;I;0 a 5;9,3;0,0;0,0;0,0
05/2022;HRJP;2022,0;5,0;II;6 a 10;55,9;2,0;1,12;1,0
05/2022;HRJP;2022,0;5,0;III;11 a 5;73,1;0,0;0,0;0,0
05/2022;HRJP;2022,0;5,0;IV;> 15;100;0,0;0,0;0,0
05/2022;MOV;2022,0;5,0;I;0 a 5;9,3;3,0;0,28;0,0
05/2022;MOV;2022,0;5,0;II;6 a 10;55,9;0,0;0,0;0,0
05/2022;MOV;2022,0;5,0;III;11 a 5;73,1;1,0;0,73;1,0
05/2022;MOV;2022,0;5,0;IV;> 15;100;0,0;0,0;0,0
06/2022;HJK;2022,0;6,0;I;0 a 5;9,3;1,0;0,09;0,0
06/2022;HJK;2022,0;6,0;II;6 a 10;55,9;2,0;1,12;0,0
06/2022;HJK;2022,0;6,0;III;11 a 5;73,1;3,0;2,19;0,0
06/2022;HJK;2022,0;6,0;IV;> 15;100;0,0;0,0;0,0
06/2022;HRAD;2022,0;6,0;I;0 a 5;9,3;5,0;0,46;0,0
06/2022;HRAD;2022,0;6,0;II;6 a 10;55,9;2,0;1,12;0,0
06/2022;HRAD;2022,0;6,0;III;11 a 5;73,1;3,0;2,19;2,0
06/2022;HRAD;2022,0;6,0;IV;> 15;100;1,0;1,0;1,0
06/2022;HRJP;2022,0;6,0;I;0 a 5;9,3;2,0;0,19;0,0
06/2022;HRJP;2022,0;6,0;II;6 a 10;55,9;1,0;0,56;1,0
06/2022;HRJP;2022,0;6,0;III;11 a 5;73,1;0,0;0,0;0,0
06/2022;HRJP;2022,0;6,0;IV;> 15;100;0,0;0,0;0,0
06/2022;MOV;2022,0;6,0;I;0 a 5;9,3;2,0;0,19;0,0
06/2022;MOV;2022,0;6,0;II;6 a 10;55,9;1,0;0,56;1,0
06/2022;MOV;2022,0;6,0;III;11 a 5;73,1;0,0;0,0;0,0
06/2022;MOV;2022,0;6,0;IV;> 15;100;0,0;0,0;0,0
07/2022;HJK;2022,0;7,0;I;0 a 5;9,3;3,0;0,28;0,0
07/2022;HJK;2022,0;7,0;II;6 a 10;55,9;5,0;2,8;0,0
07/2022;HJK;2022,0;7,0;III;11 a 5;73,1;1,0;0,73;0,0
07/2022;HJK;2022,0;7,0;IV;> 15;100;0,0;0,0;0,0
07/2022;HRAD;2022,0;7,0;I;0 a 5;9,3;8,0;0,74;0,0
07/2022;HRAD;2022,0;7,0;II;6 a 10;55,9;0,0;0,0;0,0
07/2022;HRAD;2022,0;7,0;III;11 a 5;73,1;0,0;0,0;0,0
07/2022;HRAD;2022,0;7,0;IV;> 15;100;0,0;0,0;0,0
07/2022;HRJP;2022,0;7,0;I;0 a 5;9,3;0,0;0,0;0,0
07/2022;HRJP;2022,0;7,0;II;6 a 10;55,9;4,0;2,24;1,0
07/2022;HRJP;2022,0;7,0;III;11 a 5;73,1;2,0;1,46;0,0
07/2022;HRJP;2022,0;7,0;IV;> 15;100;0,0;0,0;0,0
07/2022;MOV;2022,0;7,0;I;0 a 5;9,3;1,0;0,09;0,0
07/2022;MOV;2022,0;7,0;II;6 a 10;55,9;1,0;0,56;0,0
07/2022;MOV;2022,0;7,0;III;11 a 5;73,1;1,0;0,73;2,0
07/2022;MOV;2022,0;7,0;IV;> 15;100;0,0;0,0;0,0
08/2022;HJK;2022,0;8,0;I;0 a 5;9,3;1,0;0,09;0,0
08/2022;HJK;2022,0;8,0;II;6 a 10;55,9;2,0;1,12;0,0
08/2022;HJK;2022,0;8,0;III;11 a 5;73,1;1,0;0,73;0,0
08/2022;HJK;2022,0;8,0;IV;> 15;100;0,0;0,0;0,0
08/2022;HRAD;2022,0;8,0;I;0 a 5;9,3;8,0;0,74;1,0
08/2022;HRAD;2022,0;8,0;II;6 a 10;55,9;3,0;1,68;0,0
08/2022;HRAD;2022,0;8,0;III;11 a 5;73,1;2,0;1,46;0,0
08/2022;HRAD;2022,0;8,0;IV;> 15;100;0,0;0,0;0,0
08/2022;HRJP;2022,0;8,0;I;0 a 5;9,3;1,0;0,09;0,0
08/2022;HRJP;2022,0;8,0;II;6 a 10;55,9;2,0;1,12;0,0
08/2022;HRJP;2022,0;8,0;III;11 a 5;73,1;0,0;0,0;0,0
08/2022;HRJP;2022,0;8,0;IV;> 15;100;0,0;0,0;0,0
08/2022;MOV;2022,0;8,0;I;0 a 5;9,3;1,0;0,09;0,0
08/2022;MOV;2022,0;8,0;II;6 a 10;55,9;2,0;1,12;0,0
08/2022;MOV;2022,0;8,0;III;11 a 5;73,1;0,0;0,0;0,0
08/2022;MOV;2022,0;8,0;IV;> 15;100;0,0;0,0;0,0
09/2022;HJK;2022,0;9,0;I;0 a 5;9,3;1,0;0,09;0,0
09/2022;HJK;2022,0;9,0;II;6 a 10;55,9;3,0;1,6800000000000002;0,0
09/2022;HJK;2022,0;9,0;III;11 a 5;73,1;1,0;0,73;0,0
09/2022;HJK;2022,0;9,0;IV;> 15;100;0,0;0,0;0,0
09/2022;HRAD;2022,0;9,0;I;0 a 5;9,3;9,0;0,84;0,0
09/2022;HRAD;2022,0;9,0;II;6 a 10;55,9;0,0;0,0;0,0
09/2022;HRAD;2022,0;9,0;III;11 a 5;73,1;0,0;0,0;0,0
09/2022;HRAD;2022,0;9,0;IV;> 15;100;2,0;2,0;2,0
09/2022;HRJP;2022,0;9,0;I;0 a 5;9,3;1,0;0,09;0,0
09/2022;HRJP;2022,0;9,0;II;6 a 10;55,9;3,0;1,68;0,0
09/2022;HRJP;2022,0;9,0;III;11 a 5;73,1;0,0;0,0;0,0
09/2022;HRJP;2022,0;9,0;IV;> 15;100;2,0;2,0;2,0
09/2022;MOV;2022,0;9,0;I;0 a 5;9,3;0,0;0,0;0,0
09/2022;MOV;2022,0;9,0;II;6 a 10;55,9;2,0;1,12;0,0
09/2022;MOV;2022,0;9,0;III;11 a 5;73,1;1,0;0,73;0,0
09/2022;MOV;2022,0;9,0;IV;> 15;100;0,0;0,0;0,0
10/2022;HJK;2022,0;10,0;I;0 a 5;9,3;1,0;0,09;0,0
10/2022;HJK;2022,0;10,0;II;6 a 10;55,9;3,0;1,6800000000000002;0,0
10/2022;HJK;2022,0;10,0;III;11 a 5;73,1;1,0;0,73;0,0
10/2022;HJK;2022,0;10,0;IV;> 15;100;0,0;0,0;0,0
10/2022;HRAD;2022,0;10,0;I;0 a 5;9,3;6,0;0,56;0,0
10/2022;HRAD;2022,0;10,0;II;6 a 10;55,9;3,0;1,68;1,0
10/2022;HRAD;2022,0;10,0;III;11 a 5;73,1;0,0;0,0;0,0
10/2022;HRAD;2022,0;10,0;IV;> 15;100;0,0;0,0;0,0
10/2022;HRJP;2022,0;10,0;I;0 a 5;9,3;1,0;0,09;0,0
10/2022;HRJP;2022,0;10,0;II;6 a 10;55,9;2,0;1,12;0,0
10/2022;HRJP;2022,0;10,0;III;11 a 5;73,1;2,0;1,46;1,0
10/2022;HRJP;2022,0;10,0;IV;> 15;100;0,0;0,0;0,0
10/2022;MOV;2022,0;10,0;I;0 a 5;9,3;0,0;0,0;0,0
10/2022;MOV;2022,0;10,0;II;6 a 10;55,9;1,0;0,56;0,0
10/2022;MOV;2022,0;10,0;III;11 a 5;73,1;1,0;0,73;0,0
10/2022;MOV;2022,0;10,0;IV;> 15;100;0,0;0,0;0,0
11/2022;HJK;2022,0;11,0;I;0 a 5;9,3;2,0;0,18;0,0
11/2022;HJK;2022,0;11,0;II;6 a 10;55,9;2,0;1,12;0,0
11/2022;HJK;2022,0;11,0;III;11 a 5;73,1;1,0;0,73;0,0
11/2022;HJK;2022,0;11,0;IV;> 15;100;0,0;0,0;0,0
11/2022;HRAD;2022,0;11,0;I;0 a 5;9,3;12,0;1,12;0,0
11/2022;HRAD;2022,0;11,0;II;6 a 10;55,9;2,0;1,12;1,0
11/2022;HRAD;2022,0;11,0;III;11 a 5;73,1;1,0;0,73;1,0
11/2022;HRAD;2022,0;11,0;IV;> 15;100;0,0;0,0;0,0
11/2022;HRJP;2022,0;11,0;I;0 a 5;9,3;4,0;0,37;2,0
11/2022;HRJP;2022,0;11,0;II;6 a 10;55,9;2,0;1,12;0,0
11/2022;HRJP;2022,0;11,0;III;11 a 5;73,1;0,0;0,0;0,0
11/2022;HRJP;2022,0;11,0;IV;> 15;100;0,0;0,0;0,0
11/2022;MOV;2022,0;11,0;I;0 a 5;9,3;2,0;0,19;0,0
11/2022;MOV;2022,0;11,0;II;6 a 10;55,9;0,0;0,0;0,0
11/2022;MOV;2022,0;11,0;III;11 a 5;73,1;4,0;2,92;1,0
11/2022;MOV;2022,0;11,0;IV;> 15;100;0,0;0,0;0,0
12/2022;HJK;2022,0;12,0;I;0 a 5;9,3;1,0;0,09;0,0
12/2022;HJK;2022,0;12,0;II;6 a 10;55,9;2,0;1,12;0,0
12/2022;HJK;2022,0;12,0;III;11 a 5;73,1;3,0;2,19;0,0
12/2022;HJK;2022,0;12,0;IV;> 15;100;0,0;0,0;0,0
12/2022;HRAD;2022,0;12,0;I;0 a 5;9,3;10,0;0,93;1,0
12/2022;HRAD;2022,0;12,0;II;6 a 10;55,9;1,0;0,56;1,0
12/2022;HRAD;2022,0;12,0;III;11 a 5;73,1;0,0;0,0;0,0
12/2022;HRAD;2022,0;12,0;IV;> 15;100;0,0;0,0;0,0
12/2022;HRJP;2022,0;12,0;I;0 a 5;9,3;1,0;0,09;0,0
12/2022;HRJP;2022,0;12,0;II;6 a 10;55,9;1,0;0,56;0,0
12/2022;HRJP;2022,0;12,0;III;11 a 5;73,1;3,0;2,19;1,0
12/2022;HRJP;2022,0;12,0;IV;> 15;100;0,0;0,0;0,0
12/2022;MOV;2022,0;12,0;I;0 a 5;9,3;2,0;0,19;0,0
12/2022;MOV;2022,0;12,0;II;6 a 10;55,9;2,0;1,12;0,0
12/2022;MOV;2022,0;12,0;III;11 a 5;73,1;2,0;1,46;0,0
12/2022;MOV;2022,0;12,0;IV;> 15;100;0,0;0,0;0,0
01/2023;HJK;2023,0;1,0;I;0 a 5;9,3;2,0;0,18;0,0
01/2023;HJK;2023,0;1,0;II;6 a 10;55,9;4,0;2,24;0,0
01/2023;HJK;2023,0;1,0;III;11 a 5;73,1;1,0;0,73;0,0
01/2023;HJK;2023,0;1,0;IV;> 15;100;0,0;0,0;0,0
01/2023;HRAD;2023,0;1,0;I;0 a 5;9,3;10,0;0,93;1,0
01/2023;HRAD;2023,0;1,0;II;6 a 10;55,9;2,0;1,12;2,0
01/2023;HRAD;2023,0;1,0;III;11 a 5;73,1;0,0;0,0;0,0
01/2023;HRAD;2023,0;1,0;IV;> 15;100;1,0;1,0;1,0
01/2023;HRJP;2023,0;1,0;I;0 a 5;9,3;1,0;0,09;0,0
01/2023;HRJP;2023,0;1,0;II;6 a 10;55,9;0,0;0,0;0,0
01/2023;HRJP;2023,0;1,0;III;11 a 5;73,1;0,0;0,0;0,0
01/2023;HRJP;2023,0;1,0;IV;> 15;100;0,0;0,0;0,0
01/2023;MOV;2023,0;1,0;I;0 a 5;9,3;1,0;0,09;0,0
01/2023;MOV;2023,0;1,0;II;6 a 10;55,9;1,0;0,56;1,0
01/2023;MOV;2023,0;1,0;III;11 a 5;73,1;0,0;0,0;0,0
01/2023;MOV;2023,0;1,0;IV;> 15;100;0,0;0,0;0,0
02/2023;HJK;2023,0;2,0;I;0 a 5;9,3;1,0;0,09;0,0
02/2023;HJK;2023,0;2,0;II;6 a 10;55,9;3,0;1,6800000000000002;0,0
02/2023;HJK;2023,0;2,0;III;11 a 5;73,1;1,0;0,73;0,0
02/2023;HJK;2023,0;2,0;IV;> 15;100;0,0;0,0;0,0
02/2023;HRAD;2023,0;2,0;I;0 a 5;9,3;4,0;0,37;0,0
02/2023;HRAD;2023,0;2,0;II;6 a 10;55,9;3,0;1,68;0,0
02/2023;HRAD;2023,0;2,0;III;11 a 5;73,1;0,0;0,0;0,0
02/2023;HRAD;2023,0;2,0;IV;> 15;100;0,0;0,0;0,0
02/2023;HRJP;2023,0;2,0;I;0 a 5;9,3;1,0;0,09;0,0
02/2023;HRJP;2023,0;2,0;II;6 a 10;55,9;3,0;1,68;0,0
02/2023;HRJP;2023,0;2,0;III;11 a 5;73,1;0,0;0,0;0,0
02/2023;HRJP;2023,0;2,0;IV;> 15;100;0,0;0,0;0,0
02/2023;MOV;2023,0;2,0;I;0 a 5;9,3;0,0;0,0;0,0
02/2023;MOV;2023,0;2,0;II;6 a 10;55,9;3,0;1,68;0,0
02/2023;MOV;2023,0;2,0;III;11 a 5;73,1;2,0;1,46;0,0
02/2023;MOV;2023,0;2,0;IV;> 15;100;0,0;0,0;0,0
03/2023;HJK;2023,0;3,0;I;0 a 5;9,3;2,0;0,18;0,0
03/2023;HJK;2023,0;3,0;II;6 a 10;55,9;3,0;1,6800000000000002;0,0
03/2023;HJK;2023,0;3,0;III;11 a 5;73,1;1,0;0,73;0,0
03/2023;HJK;2023,0;3,0;IV;> 15;100;0,0;0,0;0,0
03/2023;HRAD;2023,0;3,0;I;0 a 5;9,3;4,0;0,37;0,0
03/2023;HRAD;2023,0;3,0;II;6 a 10;55,9;2,0;1,12;0,0
03/2023;HRAD;2023,0;3,0;III;11 a 5;73,1;0,0;0,0;0,0
03/2023;HRAD;2023,0;3,0;IV;> 15;100;2,0;2,0;2,0
03/2023;HRJP;2023,0;3,0;I;0 a 5;9,3;0,0;0,0;0,0
03/2023;HRJP;2023,0;3,0;II;6 a 10;55,9;3,0;1,68;0,0
03/2023;HRJP;2023,0;3,0;III;11 a 5;73,1;3,0;2,19;1,0
03/2023;HRJP;2023,0;3,0;IV;> 15;100;0,0;0,0;0,0
03/2023;MOV;2023,0;3,0;I;0 a 5;9,3;1,0;0,09;0,0
03/2023;MOV;2023,0;3,0;II;6 a 10;55,9;0,0;0,0;0,0
03/2023;MOV;2023,0;3,0;III;11 a 5;73,1;1,0;0,73;1,0
03/2023;MOV;2023,0;3,0;IV;> 15;100;0,0;0,0;0,0
04/2023;HJK;2023,0;4,0;I;0 a 5;9,3;2,0;0,18;0,0
04/2023;HJK;2023,0;4,0;II;6 a 10;55,9;4,0;2,24;0,0
04/2023;HJK;2023,0;4,0;III;11 a 5;73,1;1,0;0,73;0,0
04/2023;HJK;2023,0;4,0;IV;> 15;100;0,0;0,0;0,0
04/2023;HRAD;2023,0;4,0;I;0 a 5;9,3;5,0;0,46;0,0
04/2023;HRAD;2023,0;4,0;II;6 a 10;55,9;3,0;1,68;0,0
04/2023;HRAD;2023,0;4,0;III;11 a 5;73,1;1,0;0,73;1,0
04/2023;HRAD;2023,0;4,0;IV;> 15;100;1,0;1,0;0,0
04/2023;HRJP;2023,0;4,0;I;0 a 5;9,3;2,0;0,19;0,0
04/2023;HRJP;2023,0;4,0;II;6 a 10;55,9;3,0;1,68;0,0
04/2023;HRJP;2023,0;4,0;III;11 a 5;73,1;0,0;0,0;0,0
04/2023;HRJP;2023,0;4,0;IV;> 15;100;0,0;0,0;0,0
04/2023;MOV;2023,0;4,0;I;0 a 5;9,3;5,0;0,46;0,0
04/2023;MOV;2023,0;4,0;II;6 a 10;55,9;1,0;0,56;0,0
04/2023;MOV;2023,0;4,0;III;11 a 5;73,1;0,0;0,0;0,0
04/2023;MOV;2023,0;4,0;IV;> 15;100;0,0;0,0;0,0
05/2023;HJK;2023,0;5,0;I;0 a 5;9,3;2,0;0,18;0,0
05/2023;HJK;2023,0;5,0;II;6 a 10;55,9;2,0;1,12;0,0
05/2023;HJK;2023,0;5,0;III;11 a 5;73,1;1,0;0,73;0,0
05/2023;HJK;2023,0;5,0;IV;> 15;100;0,0;0,0;0,0
05/2023;HRAD;2023,0;5,0;I;0 a 5;9,3;3,0;0,28;0,0
05/2023;HRAD;2023,0;5,0;II;6 a 10;55,9;1,0;0,56;1,0
05/2023;HRAD;2023,0;5,0;III;11 a 5;73,1;2,0;1,46;1,0
05/2023;HRAD;2023,0;5,0;IV;> 15;100;1,0;1,0;1,0
05/2023;HRJP;2023,0;5,0;I;0 a 5;9,3;3,0;0,28;0,0
05/2023;HRJP;2023,0;5,0;II;6 a 10;55,9;1,0;0,56;0,0
05/2023;HRJP;2023,0;5,0;III;11 a 5;73,1;1,0;0,73;0,0
05/2023;HRJP;2023,0;5,0;IV;> 15;100;0,0;0,0;0,0
05/2023;MOV;2023,0;5,0;I;0 a 5;9,3;2,0;0,19;0,0
05/2023;MOV;2023,0;5,0;II;6 a 10;55,9;2,0;1,12;1,0
05/2023;MOV;2023,0;5,0;III;11 a 5;73,1;1,0;0,73;1,0
05/2023;MOV;2023,0;5,0;IV;> 15;100;0,0;0,0;0,0
06/2023;HJK;2023,0;6,0;I;0 a 5;9,3;2,0;0,18;0,0
06/2023;HJK;2023,0;6,0;II;6 a 10;55,9;3,0;1,6800000000000002;0,0
06/2023;HJK;2023,0;6,0;III;11 a 5;73,1;3,0;2,19;2,0
06/2023;HJK;2023,0;6,0;IV;> 15;100;0,0;0,0;0,0
06/2023;HRAD;2023,0;6,0;I;0 a 5;9,3;8,0;0,74;0,0
06/2023;HRAD;2023,0;6,0;II;6 a 10;55,9;1,0;0,56;1,0
06/2023;HRAD;2023,0;6,0;III;11 a 5;73,1;3,0;2,19;1,0
06/2023;HRAD;2023,0;6,0;IV;> 15;100;0,0;0,0;0,0
06/2023;HRJP;2023,0;6,0;I;0 a 5;9,3;6,0;0,56;0,0
06/2023;HRJP;2023,0;6,0;II;6 a 10;55,9;0,0;0,0;0,0
06/2023;HRJP;2023,0;6,0;III;11 a 5;73,1;1,0;0,73;0,0
06/2023;HRJP;2023,0;6,0;IV;> 15;100;0,0;0,0;0,0
06/2023;MOV;2023,0;6,0;I;0 a 5;9,3;1,0;0,09;0,0
06/2023;MOV;2023,0;6,0;II;6 a 10;55,9;0,0;0,0;0,0
06/2023;MOV;2023,0;6,0;III;11 a 5;73,1;2,0;1,46;1,0
06/2023;MOV;2023,0;6,0;IV;> 15;100;0,0;0,0;0,0
07/2023;HJK;2023,0;7,0;I;0 a 5;9,3;1,0;0,09;0,0
07/2023;HJK;2023,0;7,0;II;6 a 10;55,9;3,0;1,6800000000000002;0,0
07/2023;HJK;2023,0;7,0;III;11 a 5;73,1;2,0;1,46;0,0
07/2023;HJK;2023,0;7,0;IV;> 15;100;0,0;0,0;0,0
07/2023;HRAD;2023,0;7,0;I;0 a 5;9,3;7,0;0,65;1,0
07/2023;HRAD;2023,0;7,0;II;6 a 10;55,9;2,0;1,12;0,0
07/2023;HRAD;2023,0;7,0;III;11 a 5;73,1;0,0;0,0;0,0
07/2023;HRAD;2023,0;7,0;IV;> 15;100;0,0;0,0;0,0
07/2023;HRJP;2023,0;7,0;I;0 a 5;9,3;1,0;0,09;0,0
07/2023;HRJP;2023,0;7,0;II;6 a 10;55,9;1,0;0,56;0,0
07/2023;HRJP;2023,0;7,0;III;11 a 5;73,1;1,0;0,73;0,0
07/2023;HRJP;2023,0;7,0;IV;> 15;100;1,0;1,0;1,0
07/2023;MOV;2023,0;7,0;I;0 a 5;9,3;5,0;0,46;2,0
07/2023;MOV;2023,0;7,0;II;6 a 10;55,9;0,0;0,0;0,0
07/2023;MOV;2023,0;7,0;III;11 a 5;73,1;0,0;0,0;0,0
07/2023;MOV;2023,0;7,0;IV;> 15;100;0,0;0,0;0,0
08/2023;HJK;2023,0;8,0;I;0 a 5;9,3;1,0;0,09;0,0
08/2023;HJK;2023,0;8,0;II;6 a 10;55,9;2,0;1,12;0,0
08/2023;HJK;2023,0;8,0;III;11 a 5;73,1;1,0;0,73;0,0
08/2023;HJK;2023,0;8,0;IV;> 15;100;0,0;0,0;0,0
08/2023;HRAD;2023,0;8,0;I;0 a 5;9,3;8,0;0,74;1,0
08/2023;HRAD;2023,0;8,0;II;6 a 10;55,9;1,0;0,56;1,0
08/2023;HRAD;2023,0;8,0;III;11 a 5;73,1;0,0;0,0;0,0
08/2023;HRAD;2023,0;8,0;IV;> 15;100;0,0;0,0;0,0
08/2023;HRJP;2023,0;8,0;I;0 a 5;9,3;4,0;0,37;0,0
08/2023;HRJP;2023,0;8,0;II;6 a 10;55,9;1,0;0,56;0,0
08/2023;HRJP;2023,0;8,0;III;11 a 5;73,1;1,0;0,73;1,0
08/2023;HRJP;2023,0;8,0;IV;> 15;100;0,0;0,0;0,0
08/2023;MOV;2023,0;8,0;I;0 a 5;9,3;1,0;0,09;0,0
08/2023;MOV;2023,0;8,0;II;6 a 10;55,9;1,0;0,56;0,0
08/2023;MOV;2023,0;8,0;III;11 a 5;73,1;2,0;1,46;0,0
08/2023;MOV;2023,0;8,0;IV;> 15;100;0,0;0,0;0,0
09/2023;HJK;2023,0;9,0;I;0 a 5;9,3;2,0;0,18;0,0
09/2023;HJK;2023,0;9,0;II;6 a 10;55,9;2,0;1,12;0,0
09/2023;HJK;2023,0;9,0;III;11 a 5;73,1;1,0;0,73;0,0
09/2023;HJK;2023,0;9,0;IV;> 15;100;0,0;0,0;0,0
09/2023;HRAD;2023,0;9,0;I;0 a 5;9,3;4,0;0,37;0,0
09/2023;HRAD;2023,0;9,0;II;6 a 10;55,9;2,0;1,12;1,0
09/2023;HRAD;2023,0;9,0;III;11 a 5;73,1;1,0;0,73;0,0
09/2023;HRAD;2023,0;9,0;IV;> 15;100;0,0;0,0;0,0
09/2023;HRJP;2023,0;9,0;I;0 a 5;9,3;2,0;0,19;0,0
09/2023;HRJP;2023,0;9,0;II;6 a 10;55,9;4,0;2,24;0,0
09/2023;HRJP;2023,0;9,0;III;11 a 5;73,1;0,0;0,0;0,0
09/2023;HRJP;2023,0;9,0;IV;> 15;100;0,0;0,0;0,0
09/2023;MOV;2023,0;9,0;I;0 a 5;9,3;1,0;0,09;0,0
09/2023;MOV;2023,0;9,0;II;6 a 10;55,9;2,0;1,12;0,0
09/2023;MOV;2023,0;9,0;III;11 a 5;73,1;2,0;1,46;0,0
09/2023;MOV;2023,0;9,0;IV;> 15;100;0,0;0,0;0,0
10/2023;HJK;2023,0;10,0;I;0 a 5;9,3;2,0;0,18;0,0
10/2023;HJK;2023,0;10,0;II;6 a 10;55,9;2,0;1,12;0,0
10/2023;HJK;2023,0;10,0;III;11 a 5;73,1;1,0;0,73;0,0
10/2023;HJK;2023,0;10,0;IV;> 15;100;0,0;0,0;0,0
10/2023;HRAD;2023,0;10,0;I;0 a 5;9,3;6,0;0,56;0,0
10/2023;HRAD;2023,0;10,0;II;6 a 10;55,9;2,0;1,12;1,0
10/2023;HRAD;2023,0;10,0;III;11 a 5;73,1;0,0;0,0;0,0
10/2023;HRAD;2023,0;10,0;IV;> 15;100;0,0;0,0;0,0
10/2023;HRJP;2023,0;10,0;I;0 a 5;9,3;3,0;0,28;0,0
10/2023;HRJP;2023,0;10,0;II;6 a 10;55,9;3,0;1,68;0,0
10/2023;HRJP;2023,0;10,0;III;11 a 5;73,1;2,0;1,46;2,0
10/2023;HRJP;2023,0;10,0;IV;> 15;100;0,0;0,0;0,0
10/2023;MOV;2023,0;10,0;I;0 a 5;9,3;0,0;0,0;0,0
10/2023;MOV;2023,0;10,0;II;6 a 10;55,9;3,0;1,68;0,0
10/2023;MOV;2023,0;10,0;III;11 a 5;73,1;5,0;3,66;0,0
10/2023;MOV;2023,0;10,0;IV;> 15;100;1,0;1,0;0,0
11/2023;HJK;2023,0;11,0;I;0 a 5;9,3;1,0;0,09;0,0
11/2023;HJK;2023,0;11,0;II;6 a 10;55,9;4,0;2,24;0,0
11/2023;HJK;2023,0;11,0;III;11 a 5;73,1;1,0;0,73;0,0
11/2023;HJK;2023,0;11,0;IV;> 15;100;1,0;1,0;1,0
11/2023;HRAD;2023,0;11,0;I;0 a 5;9,3;4,0;0,37;0,0
11/2023;HRAD;2023,0;11,0;II;6 a 10;55,9;1,0;0,56;0,0
11/2023;HRAD;2023,0;11,0;III;11 a 5;73,1;0,0;0,0;0,0
11/2023;HRAD;2023,0;11,0;IV;> 15;100;0,0;0,0;0,0
11/2023;HRJP;2023,0;11,0;I;0 a 5;9,3;1,0;0,09;0,0
11/2023;HRJP;2023,0;11,0;II;6 a 10;55,9;4,0;2,24;0,0
11/2023;HRJP;2023,0;11,0;III;11 a 5;73,1;0,0;0,0;0,0
11/2023;HRJP;2023,0;11,0;IV;> 15;100;1,0;1,0;0,0
11/2023;MOV;2023,0;11,0;I;0 a 5;9,3;1,0;0,09;0,0
11/2023;MOV;2023,0;11,0;II;6 a 10;55,9;3,0;1,68;0,0
11/2023;MOV;2023,0;11,0;III;11 a 5;73,1;1,0;0,73;1,0
11/2023;MOV;2023,0;11,0;IV;> 15;100;1,0;1,0;0,0
12/2023;HJK;2023,0;12,0;I;0 a 5;9,3;1,0;0,09;0,0
12/2023;HJK;2023,0;12,0;II;6 a 10;55,9;2,0;1,12;0,0
12/2023;HJK;2023,0;12,0;III;11 a 5;73,1;4,0;2,92;1,0
12/2023;HJK;2023,0;12,0;IV;> 15;100;0,0;0,0;0,0
12/2023;HRAD;2023,0;12,0;I;0 a 5;9,3;8,0;0,74;0,0
12/2023;HRAD;2023,0;12,0;II;6 a 10;55,9;4,0;2,24;2,0
12/2023;HRAD;2023,0;12,0;III;11 a 5;73,1;1,0;0,73;1,0
12/2023;HRAD;2023,0;12,0;IV;> 15;100;0,0;0,0;0,0
12/2023;HRJP;2023,0;12,0;I;0 a 5;9,3;2,0;0,19;0,0
12/2023;HRJP;2023,0;12,0;II;6 a 10;55,9;2,0;1,12;1,0
12/2023;HRJP;2023,0;12,0;III;11 a 5;73,1;1,0;0,73;0,0
12/2023;HRJP;2023,0;12,0;IV;> 15;100;0,0;0,0;0,0
12/2023;MOV;2023,0;12,0;I;0 a 5;9,3;1,0;0,09;0,0
12/2023;MOV;2023,0;12,0;II;6 a 10;55,9;1,0;0,56;0,0
12/2023;MOV;2023,0;12,0;III;11 a 5;73,1;0,0;0,0;0,0
12/2023;MOV;2023,0;12,0;IV;> 15;100;1,0;1,0;1,0
01/2024;HJK;2024,0;1,0;I;0 a 5;9,3;1,0;0,09;0,0
01/2024;HJK;2024,0;1,0;II;6 a 10;55,9;3,0;1,6800000000000002;0,0
01/2024;HJK;2024,0;1,0;III;11 a 5;73,1;1,0;0,73;0,0
01/2024;HJK;2024,0;1,0;IV;> 15;100;0,0;0,0;0,0
01/2024;HRAD;2024,0;1,0;I;0 a 5;9,3;5,0;0,46;1,0
01/2024;HRAD;2024,0;1,0;II;6 a 10;55,9;3,0;1,68;1,0
01/2024;HRAD;2024,0;1,0;III;11 a 5;73,1;0,0;0,0;0,0
01/2024;HRAD;2024,0;1,0;IV;> 15;100;0,0;0,0;0,0
01/2024;HRJP;2024,0;1,0;I;0 a 5;9,3;4,0;0,37;0,0
01/2024;HRJP;2024,0;1,0;II;6 a 10;55,9;3,0;1,68;1,0
01/2024;HRJP;2024,0;1,0;III;11 a 5;73,1;0,0;0,0;0,0
01/2024;HRJP;2024,0;1,0;IV;> 15;100;1,0;1,0;1,0
01/2024;MOV;2024,0;1,0;I;0 a 5;9,3;0,0;0,0;0,0
01/2024;MOV;2024,0;1,0;II;6 a 10;55,9;5,0;2,8;0,0
01/2024;MOV;2024,0;1,0;III;11 a 5;73,1;1,0;0,73;0,0
01/2024;MOV;2024,0;1,0;IV;> 15;100;0,0;0,0;0,0
02/2024;HJK;2024,0;2,0;I;0 a 5;9,3;3,0;0,28;0,0
02/2024;HJK;2024,0;2,0;II;6 a 10;55,9;3,0;1,6800000000000002;0,0
02/2024;HJK;2024,0;2,0;III;11 a 5;73,1;1,0;0,73;0,0
02/2024;HJK;2024,0;2,0;IV;> 15;100;0,0;0,0;0,0
02/2024;HRAD;2024,0;2,0;I;0 a 5;9,3;3,0;0,28;0,0
02/2024;HRAD;2024,0;2,0;II;6 a 10;55,9;0,0;0,0;0,0
02/2024;HRAD;2024,0;2,0;III;11 a 5;73,1;3,0;2,19;2,0
02/2024;HRAD;2024,0;2,0;IV;> 15;100;0,0;0,0;0,0
02/2024;HRJP;2024,0;2,0;I;0 a 5;9,3;1,0;0,09;0,0
02/2024;HRJP;2024,0;2,0;II;6 a 10;55,9;2,0;1,12;0,0
02/2024;HRJP;2024,0;2,0;III;11 a 5;73,1;0,0;0,0;0,0
02/2024;HRJP;2024,0;2,0;IV;> 15;100;0,0;0,0;0,0
02/2024;MOV;2024,0;2,0;I;0 a 5;9,3;1,0;0,09;0,0
02/2024;MOV;2024,0;2,0;II;6 a 10;55,9;9,0;5,03;1,0
02/2024;MOV;2024,0;2,0;III;11 a 5;73,1;2,0;1,46;0,0
02/2024;MOV;2024,0;2,0;IV;> 15;100;1,0;1,0;1,0
03/2024;HJK;2024,0;3,0;I;0 a 5;9,3;1,0;0,09;0,0
03/2024;HJK;2024,0;3,0;II;6 a 10;55,9;3,0;1,6800000000000002;0,0
03/2024;HJK;2024,0;3,0;III;11 a 5;73,1;2,0;1,46;0,0
03/2024;HJK;2024,0;3,0;IV;> 15;100;1,0;1,0;1,0
03/2024;HRAD;2024,0;3,0;I;0 a 5;9,3;11,0;1,02;0,0
03/2024;HRAD;2024,0;3,0;II;6 a 10;55,9;2,0;1,12;0,0
03/2024;HRAD;2024,0;3,0;III;11 a 5;73,1;0,0;0,0;0,0
03/2024;HRAD;2024,0;3,0;IV;> 15;100;0,0;0,0;0,0
03/2024;HRJP;2024,0;3,0;I;0 a 5;9,3;0,0;0,0;0,0
03/2024;HRJP;2024,0;3,0;II;6 a 10;55,9;1,0;0,56;0,0
03/2024;HRJP;2024,0;3,0;III;11 a 5;73,1;1,0;0,73;1,0
03/2024;HRJP;2024,0;3,0;IV;> 15;100;1,0;1,0;1,0
03/2024;MOV;2024,0;3,0;I;0 a 5;9,3;1,0;0,09;0,0
03/2024;MOV;2024,0;3,0;II;6 a 10;55,9;4,0;2,24;0,0
03/2024;MOV;2024,0;3,0;III;11 a 5;73,1;0,0;0,0;0,0
03/2024;MOV;2024,0;3,0;IV;> 15;100;1,0;1,0;1,0
04/2024;HJK;2024,0;4,0;I;0 a 5;9,3;1,0;0,09;0,0
04/2024;HJK;2024,0;4,0;II;6 a 10;55,9;7,0;3,92;0,0
04/2024;HJK;2024,0;4,0;III;11 a 5;73,1;2,0;1,46;1,0
04/2024;HJK;2024,0;4,0;IV;> 15;100;0,0;0,0;0,0
04/2024;HRAD;2024,0;4,0;I;0 a 5;9,3;6,0;0,56;0,0
04/2024;HRAD;2024,0;4,0;II;6 a 10;55,9;1,0;0,56;1,0
04/2024;HRAD;2024,0;4,0;III;11 a 5;73,1;0,0;0,0;0,0
04/2024;HRAD;2024,0;4,0;IV;> 15;100;0,0;0,0;0,0
04/2024;HRJP;2024,0;4,0;I;0 a 5;9,3;2,0;0,19;0,0
04/2024;HRJP;2024,0;4,0;II;6 a 10;55,9;2,0;1,12;0,0
04/2024;HRJP;2024,0;4,0;III;11 a 5;73,1;0,0;0,0;0,0
04/2024;HRJP;2024,0;4,0;IV;> 15;100;0,0;0,0;0,0
04/2024;MOV;2024,0;4,0;I;0 a 5;9,3;2,0;0,19;0,0
04/2024;MOV;2024,0;4,0;II;6 a 10;55,9;4,0;2,24;0,0
04/2024;MOV;2024,0;4,0;III;11 a 5;73,1;2,0;1,46;0,0
04/2024;MOV;2024,0;4,0;IV;> 15;100;2,0;2,0;2,0
05/2024;HJK;2024,0;5,0;I;0 a 5;9,3;2,0;0,18;0,0
05/2024;HJK;2024,0;5,0;II;6 a 10;55,9;2,0;1,12;0,0
05/2024;HJK;2024,0;5,0;III;11 a 5;73,1;3,0;2,19;2,0
05/2024;HJK;2024,0;5,0;IV;> 15;100;0,0;0,0;0,0
05/2024;HRAD;2024,0;5,0;I;0 a 5;9,3;2,0;0,19;0,0
05/2024;HRAD;2024,0;5,0;II;6 a 10;55,9;1,0;0,56;0,0
05/2024;HRAD;2024,0;5,0;III;11 a 5;73,1;2,0;1,46;1,0
05/2024;HRAD;2024,0;5,0;IV;> 15;100;1,0;1,0;1,0
05/2024;HRJP;2024,0;5,0;I;0 a 5;9,3;3,0;0,28;0,0
05/2024;HRJP;2024,0;5,0;II;6 a 10;55,9;3,0;1,68;0,0
05/2024;HRJP;2024,0;5,0;III;11 a 5;73,1;1,0;0,73;1,0
05/2024;HRJP;2024,0;5,0;IV;> 15;100;0,0;0,0;0,0
05/2024;MOV;2024,0;5,0;I;0 a 5;9,3;2,0;0,19;0,0
05/2024;MOV;2024,0;5,0;II;6 a 10;55,9;5,0;2,8;0,0
05/2024;MOV;2024,0;5,0;III;11 a 5;73,1;2,0;1,46;1,0
05/2024;MOV;2024,0;5,0;IV;> 15;100;0,0;0,0;0,0
06/2024;HJK;2024,0;6,0;I;0 a 5;9,3;1,0;0,09;0,0
06/2024;HJK;2024,0;6,0;II;6 a 10;55,9;4,0;2,24;0,0
06/2024;HJK;2024,0;6,0;III;11 a 5;73,1;3,0;2,19;1,0
06/2024;HJK;2024,0;6,0;IV;> 15;100;0,0;0,0;0,0
06/2024;HRAD;2024,0;6,0;I;0 a 5;9,3;9,0;0,84;0,0
06/2024;HRAD;2024,0;6,0;II;6 a 10;55,9;3,0;1,68;0,0
06/2024;HRAD;2024,0;6,0;III;11 a 5;73,1;1,0;0,73;1,0
06/2024;HRAD;2024,0;6,0;IV;> 15;100;0,0;0,0;0,0
06/2024;HRJP;2024,0;6,0;I;0 a 5;9,3;2,0;0,19;0,0
06/2024;HRJP;2024,0;6,0;II;6 a 10;55,9;4,0;2,24;1,0
06/2024;HRJP;2024,0;6,0;III;11 a 5;73,1;1,0;0,73;0,0
06/2024;HRJP;2024,0;6,0;IV;> 15;100;0,0;0,0;0,0
06/2024;MOV;2024,0;6,0;I;0 a 5;9,3;0,0;0,0;0,0
06/2024;MOV;2024,0;6,0;II;6 a 10;55,9;1,0;0,56;0,0
06/2024;MOV;2024,0;6,0;III;11 a 5;73,1;2,0;1,46;1,0
06/2024;MOV;2024,0;6,0;IV;> 15;100;0,0;0,0;0,0
07/2024;HJK;2024,0;7,0;I;0 a 5;9,3;2,0;0,18;0,0
07/2024;HJK;2024,0;7,0;II;6 a 10;55,9;4,0;2,24;0,0
07/2024;HJK;2024,0;7,0;III;11 a 5;73,1;2,0;1,46;1,0
07/2024;HJK;2024,0;7,0;IV;> 15;100;0,0;0,0;0,0
07/2024;HRAD;2024,0;7,0;I;0 a 5;9,3;8,0;0,74;1,0
07/2024;HRAD;2024,0;7,0;II;6 a 10;55,9;0,0;0,0;0,0
07/2024;HRAD;2024,0;7,0;III;11 a 5;73,1;1,0;0,73;1,0
07/2024;HRAD;2024,0;7,0;IV;> 15;100;0,0;0,0;0,0
07/2024;HRJP;2024,0;7,0;I;0 a 5;9,3;1,0;0,09;0,0
07/2024;HRJP;2024,0;7,0;II;6 a 10;55,9;2,0;1,12;0,0
07/2024;HRJP;2024,0;7,0;III;11 a 5;73,1;1,0;0,73;0,0
07/2024;HRJP;2024,0;7,0;IV;> 15;100;0,0;0,0;0,0
07/2024;MOV;2024,0;7,0;I;0 a 5;9,3;0,0;0,0;0,0
07/2024;MOV;2024,0;7,0;II;6 a 10;55,9;2,0;1,12;0,0
07/2024;MOV;2024,0;7,0;III;11 a 5;73,1;0,0;0,0;0,0
07/2024;MOV;2024,0;7,0;IV;> 15;100;0,0;0,0;0,0
08/2024;HJK;2024,0;8,0;I;0 a 5;9,3;3,0;0,28;0,0
08/2024;HJK;2024,0;8,0;II;6 a 10;55,9;3,0;1,6800000000000002;0,0
08/2024;HJK;2024,0;8,0;III;11 a 5;73,1;1,0;0,73;0,0
08/2024;HJK;2024,0;8,0;IV;> 15;100;0,0;0,0;0,0
08/2024;HRAD;2024,0;8,0;I;0 a 5;9,3;5,0;0,46;0,0
08/2024;HRAD;2024,0;8,0;II;6 a 10;55,9;4,0;2,24;1,0
08/2024;HRAD;2024,0;8,0;III;11 a 5;73,1;0,0;0,0;0,0
08/2024;HRAD;2024,0;8,0;IV;> 15;100;0,0;0,0;0,0
08/2024;HRJP;2024,0;8,0;I;0 a 5;9,3;1,0;0,09;0,0
08/2024;HRJP;2024,0;8,0;II;6 a 10;55,9;2,0;1,12;1,0
08/2024;HRJP;2024,0;8,0;III;11 a 5;73,1;2,0;1,46;1,0
08/2024;HRJP;2024,0;8,0;IV;> 15;100;0,0;0,0;0,0
08/2024;MOV;2024,0;8,0;I;0 a 5;9,3;0,0;0,0;0,0
08/2024;MOV;2024,0;8,0;II;6 a 10;55,9;3,0;1,68;0,0
08/2024;MOV;2024,0;8,0;III;11 a 5;73,1;1,0;0,73;0,0
08/2024;MOV;2024,0;8,0;IV;> 15;100;0,0;0,0;0,0
09/2024;HJK;2024,0;9,0;I;0 a 5;9,3;1,0;0,09;0,0
09/2024;HJK;2024,0;9,0;II;6 a 10;55,9;5,0;2,8;0,0
09/2024;HJK;2024,0;9,0;III;11 a 5;73,1;2,0;1,46;0,0
09/2024;HJK;2024,0;9,0;IV;> 15;100;0,0;0,0;0,0
09/2024;HRAD;2024,0;9,0;I;0 a 5;9,3;11,0;1,02;1,0
09/2024;HRAD;2024,0;9,0;II;6 a 10;55,9;1,0;0,56;1,0
09/2024;HRAD;2024,0;9,0;III;11 a 5;73,1;0,0;0,0;0,0
09/2024;HRAD;2024,0;9,0;IV;> 15;100;0,0;0,0;0,0
09/2024;HRJP;2024,0;9,0;I;0 a 5;9,3;2,0;0,19;1,0
09/2024;HRJP;2024,0;9,0;II;6 a 10;55,9;3,0;1,68;0,0
09/2024;HRJP;2024,0;9,0;III;11 a 5;73,1;0,0;0,0;0,0
09/2024;HRJP;2024,0;9,0;IV;> 15;100;0,0;0,0;0,0
09/2024;MOV;2024,0;9,0;I;0 a 5;9,3;0,0;0,0;0,0
09/2024;MOV;2024,0;9,0;II;6 a 10;55,9;1,0;0,56;0,0
09/2024;MOV;2024,0;9,0;III;11 a 5;73,1;4,0;2,92;2,0
09/2024;MOV;2024,0;9,0;IV;> 15;100;0,0;0,0;0,0
10/2024;HJK;2024,0;10,0;I;0 a 5;9,3;2,0;0,18;1,0
10/2024;HJK;2024,0;10,0;II;6 a 10;55,9;4,0;2,24;1,0
10/2024;HJK;2024,0;10,0;III;11 a 5;73,1;2,0;1,46;0,0
10/2024;HJK;2024,0;10,0;IV;> 15;100;0,0;0,0;0,0
10/2024;HRAD;2024,0;10,0;I;0 a 5;9,3;13,0;1,21;1,0
10/2024;HRAD;2024,0;10,0;II;6 a 10;55,9;3,0;1,68;1,0
10/2024;HRAD;2024,0;10,0;III;11 a 5;73,1;0,0;0,0;0,0
10/2024;HRAD;2024,0;10,0;IV;> 15;100;1,0;1,0;1,0
10/2024;HRJP;2024,0;10,0;I;0 a 5;9,3;3,0;0,28;1,0
10/2024;HRJP;2024,0;10,0;II;6 a 10;55,9;3,0;1,68;0,0
10/2024;HRJP;2024,0;10,0;III;11 a 5;73,1;1,0;0,73;1,0
10/2024;HRJP;2024,0;10,0;IV;> 15;100;0,0;0,0;0,0
10/2024;MOV;2024,0;10,0;I;0 a 5;9,3;1,0;0,09;0,0
10/2024;MOV;2024,0;10,0;II;6 a 10;55,9;3,0;1,68;1,0
10/2024;MOV;2024,0;10,0;III;11 a 5;73,1;4,0;2,92;3,0
10/2024;MOV;2024,0;10,0;IV;> 15;100;0,0;0,0;0,0
11/2024;HJK;2024,0;11,0;I;0 a 5;9,3;2,0;0,18;0,0
11/2024;HJK;2024,0;11,0;II;6 a 10;55,9;3,0;1,6800000000000002;0,0
11/2024;HJK;2024,0;11,0;III;11 a 5;73,1;1,0;0,73;0,0
11/2024;HJK;2024,0;11,0;IV;> 15;100;0,0;0,0;0,0
11/2024;HRAD;2024,0;11,0;I;0 a 5;9,3;11,0;1,02;1,0
11/2024;HRAD;2024,0;11,0;II;6 a 10;55,9;1,0;0,56;1,0
11/2024;HRAD;2024,0;11,0;III;11 a 5;73,1;0,0;0,0;0,0
11/2024;HRAD;2024,0;11,0;IV;> 15;100;0,0;0,0;0,0
11/2024;HRJP;2024,0;11,0;I;0 a 5;9,3;0,0;0,0;0,0
11/2024;HRJP;2024,0;11,0;II;6 a 10;55,9;0,0;0,0;0,0
11/2024;HRJP;2024,0;11,0;III;11 a 5;73,1;0,0;0,0;0,0
11/2024;HRJP;2024,0;11,0;IV;> 15;100;0,0;0,0;0,0
11/2024;MOV;2024,0;11,0;I;0 a 5;9,3;2,0;0,19;0,0
11/2024;MOV;2024,0;11,0;II;6 a 10;55,9;5,0;2,8;1,0
11/2024;MOV;2024,0;11,0;III;11 a 5;73,1;0,0;0,0;0,0
11/2024;MOV;2024,0;11,0;IV;> 15;100;1,0;1,0;1,0
12/2024;HJK;2024,0;12,0;I;0 a 5;9,3;1,0;0,09;0,0
12/2024;HJK;2024,0;12,0;II;6 a 10;55,9;3,0;1,6800000000000002;0,0
12/2024;HJK;2024,0;12,0;III;11 a 5;73,1;1,0;0,73;0,0
12/2024;HJK;2024,0;12,0;IV;> 15;100;0,0;0,0;0,0
12/2024;HRAD;2024,0;12,0;I;0 a 5;9,3;12,0;1,12;0,0
12/2024;HRAD;2024,0;12,0;II;6 a 10;55,9;2,0;1,12;2,0
12/2024;HRAD;2024,0;12,0;III;11 a 5;73,1;1,0;0,73;1,0
12/2024;HRAD;2024,0;12,0;IV;> 15;100;1,0;1,0;1,0
12/2024;HRJP;2024,0;12,0;I;0 a 5;9,3;3,0;0,28;0,0
12/2024;HRJP;2024,0;12,0;II;6 a 10;55,9;0,0;0,0;0,0
12/2024;HRJP;2024,0;12,0;III;11 a 5;73,1;0,0;0,0;0,0
12/2024;HRJP;2024,0;12,0;IV;> 15;100;0,0;0,0;0,0
12/2024;MOV;2024,0;12,0;I;0 a 5;9,3;1,0;0,09;0,0
12/2024;MOV;2024,0;12,0;II;6 a 10;55,9;2,0;1,12;0,0
12/2024;MOV;2024,0;12,0;III;11 a 5;73,1;2,0;1,46;0,0
12/2024;MOV;2024,0;12,0;IV;> 15;100;0,0;0,0;0,0
01/2025;HJK;2025,0;1,0;I;0 a 5;9,3;4,0;0,37;0,0
01/2025;HJK;2025,0;1,0;II;6 a 10;55,9;2,0;1,12;0,0
01/2025;HJK;2025,0;1,0;III;11 a 5;73,1;1,0;0,73;0,0
01/2025;HJK;2025,0;1,0;IV;> 15;100;0,0;0,0;0,0
01/2025;HRAD;2025,0;1,0;I;0 a 5;9,3;12,0;1,12;0,0
01/2025;HRAD;2025,0;1,0;II;6 a 10;55,9;2,0;1,12;1,0
01/2025;HRAD;2025,0;1,0;III;11 a 5;73,1;2,0;1,46;1,0
01/2025;HRAD;2025,0;1,0;IV;> 15;100;1,0;1,0;1,0
01/2025;HRJP;2025,0;1,0;I;0 a 5;9,3;2,0;0,19;0,0
01/2025;HRJP;2025,0;1,0;II;6 a 10;55,9;1,0;0,56;0,0
01/2025;HRJP;2025,0;1,0;III;11 a 5;73,1;0,0;0,0;0,0
01/2025;HRJP;2025,0;1,0;IV;> 15;100;0,0;0,0;0,0
01/2025;MOV;2025,0;1,0;I;0 a 5;9,3;4,0;0,37;2,0
01/2025;MOV;2025,0;1,0;II;6 a 10;55,9;5,0;2,8;3,0
01/2025;MOV;2025,0;1,0;III;11 a 5;73,1;2,0;1,46;0,0
01/2025;MOV;2025,0;1,0;IV;> 15;100;0,0;0,0;0,0
02/2025;HJK;2025,0;2,0;I;0 a 5;9,3;2,0;0,18;0,0
02/2025;HJK;2025,0;2,0;II;6 a 10;55,9;3,0;1,6800000000000002;0,0
02/2025;HJK;2025,0;2,0;III;11 a 5;73,1;1,0;0,73;0,0
02/2025;HJK;2025,0;2,0;IV;> 15;100;0,0;0,0;0,0
02/2025;HRAD;2025,0;2,0;I;0 a 5;9,3;8,0;0,74;0,0
02/2025;HRAD;2025,0;2,0;II;6 a 10;55,9;3,0;1,68;1,0
02/2025;HRAD;2025,0;2,0;III;11 a 5;73,1;1,0;0,73;0,0
02/2025;HRAD;2025,0;2,0;IV;> 15;100;0,0;0,0;0,0
02/2025;HRJP;2025,0;2,0;I;0 a 5;9,3;1,0;0,09;0,0
02/2025;HRJP;2025,0;2,0;II;6 a 10;55,9;0,0;0,0;0,0
02/2025;HRJP;2025,0;2,0;III;11 a 5;73,1;0,0;0,0;0,0
02/2025;HRJP;2025,0;2,0;IV;> 15;100;0,0;0,0;0,0
02/2025;MOV;2025,0;2,0;I;0 a 5;9,3;1,0;0,09;0,0
02/2025;MOV;2025,0;2,0;II;6 a 10;55,9;2,0;1,12;0,0
02/2025;MOV;2025,0;2,0;III;11 a 5;73,1;5,0;3,66;3,0
02/2025;MOV;2025,0;2,0;IV;> 15;100;1,0;1,0;1,0
03/2025;HJK;2025,0;3,0;I;0 a 5;9,3;3,0;0,28;0,0
03/2025;HJK;2025,0;3,0;II;6 a 10;55,9;2,0;1,12;0,0
03/2025;HJK;2025,0;3,0;III;11 a 5;73,1;3,0;2,19;1,0
03/2025;HJK;2025,0;3,0;IV;> 15;100;0,0;0,0;0,0
03/2025;HRAD;2025,0;3,0;I;0 a 5;9,3;3,0;0,28;0,0
03/2025;HRAD;2025,0;3,0;II;6 a 10;55,9;3,0;1,68;0,0
03/2025;HRAD;2025,0;3,0;III;11 a 5;73,1;0,0;0,0;0,0
03/2025;HRAD;2025,0;3,0;IV;> 15;100;0,0;0,0;0,0
03/2025;HRJP;2025,0;3,0;I;0 a 5;9,3;4,0;0,37;0,0
03/2025;HRJP;2025,0;3,0;II;6 a 10;55,9;0,0;0,0;0,0
03/2025;HRJP;2025,0;3,0;III;11 a 5;73,1;0,0;0,0;0,0
03/2025;HRJP;2025,0;3,0;IV;> 15;100;1,0;1,0;1,0
03/2025;MOV;2025,0;3,0;I;0 a 5;9,3;2,0;0,19;0,0
03/2025;MOV;2025,0;3,0;II;6 a 10;55,9;3,0;1,68;1,0
03/2025;MOV;2025,0;3,0;III;11 a 5;73,1;1,0;0,73;0,0
03/2025;MOV;2025,0;3,0;IV;> 15;100;0,0;0,0;0,0
04/2025;HJK;2025,0;4,0;I;0 a 5;9,3;1,0;0,09;0,0
04/2025;HJK;2025,0;4,0;II;6 a 10;55,9;3,0;1,6800000000000002;0,0
04/2025;HJK;2025,0;4,0;III;11 a 5;73,1;2,0;1,46;0,0
04/2025;HJK;2025,0;4,0;IV;> 15;100;0,0;0,0;0,0
04/2025;HRAD;2025,0;4,0;I;0 a 5;9,3;4,0;0,37;0,0
04/2025;HRAD;2025,0;4,0;II;6 a 10;55,9;5,0;2,8;1,0
04/2025;HRAD;2025,0;4,0;III;11 a 5;73,1;1,0;0,73;0,0
04/2025;HRAD;2025,0;4,0;IV;> 15;100;1,0;1,0;1,0
04/2025;HRJP;2025,0;4,0;I;0 a 5;9,3;3,0;0,28;0,0
04/2025;HRJP;2025,0;4,0;II;6 a 10;55,9;4,0;2,24;0,0
04/2025;HRJP;2025,0;4,0;III;11 a 5;73,1;1,0;0,73;1,0
04/2025;HRJP;2025,0;4,0;IV;> 15;100;0,0;0,0;0,0
04/2025;MOV;2025,0;4,0;I;0 a 5;9,3;0,0;0,0;0,0
04/2025;MOV;2025,0;4,0;II;6 a 10;55,9;1,0;0,56;0,0
04/2025;MOV;2025,0;4,0;III;11 a 5;73,1;1,0;0,73;0,0
04/2025;MOV;2025,0;4,0;IV;> 15;100;1,0;1,0;1,0
05/2025;HJK;2025,0;5,0;I;0 a 5;9,3;1,0;0,09;0,0
05/2025;HJK;2025,0;5,0;II;6 a 10;55,9;2,0;1,12;0,0
05/2025;HJK;2025,0;5,0;III;11 a 5;73,1;4,0;2,92;2,0
05/2025;HJK;2025,0;5,0;IV;> 15;100;0,0;0,0;0,0
05/2025;HRAD;2025,0;5,0;I;0 a 5;9,3;8,0;0,74;0,0
05/2025;HRAD;2025,0;5,0;II;6 a 10;55,9;4,0;2,24;0,0
05/2025;HRAD;2025,0;5,0;III;11 a 5;73,1;0,0;0,0;0,0
05/2025;HRAD;2025,0;5,0;IV;> 15;100;1,0;1,0;1,0
05/2025;HRJP;2025,0;5,0;I;0 a 5;9,3;3,0;0,28;0,0
05/2025;HRJP;2025,0;5,0;II;6 a 10;55,9;1,0;0,56;0,0
05/2025;HRJP;2025,0;5,0;III;11 a 5;73,1;0,0;0,0;0,0
05/2025;HRJP;2025,0;5,0;IV;> 15;100;0,0;0,0;0,0
05/2025;MOV;2025,0;5,0;I;0 a 5;9,3;2,0;0,19;0,0
05/2025;MOV;2025,0;5,0;II;6 a 10;55,9;1,0;0,56;0,0
05/2025;MOV;2025,0;5,0;III;11 a 5;73,1;4,0;2,92;2,0
05/2025;MOV;2025,0;5,0;IV;> 15;100;0,0;0,0;0,0
06/2025;HJK;2025,0;6,0;I;0 a 5;9,3;2,0;0,18;0,0
06/2025;HJK;2025,0;6,0;II;6 a 10;55,9;2,0;1,12;0,0
06/2025;HJK;2025,0;6,0;III;11 a 5;73,1;1,0;0,73;0,0
06/2025;HJK;2025,0;6,0;IV;> 15;100;0,0;0,0;0,0
06/2025;HRAD;2025,0;6,0;I;0 a 5;9,3;13,0;1,21;0,0
06/2025;HRAD;2025,0;6,0;II;6 a 10;55,9;6,0;3,35;1,0
06/2025;HRAD;2025,0;6,0;III;11 a 5;73,1;0,0;0,0;0,0
06/2025;HRAD;2025,0;6,0;IV;> 15;100;1,0;1,0;1,0
06/2025;HRJP;2025,0;6,0;I;0 a 5;9,3;2,0;0,19;0,0
06/2025;HRJP;2025,0;6,0;II;6 a 10;55,9;1,0;0,56;0,0
06/2025;HRJP;2025,0;6,0;III;11 a 5;73,1;1,0;0,73;1,0
06/2025;HRJP;2025,0;6,0;IV;> 15;100;0,0;0,0;0,0
06/2025;MOV;2025,0;6,0;I;0 a 5;9,3;0,0;0,0;0,0
06/2025;MOV;2025,0;6,0;II;6 a 10;55,9;3,0;1,68;1,0
06/2025;MOV;2025,0;6,0;III;11 a 5;73,1;0,0;0,0;0,0
06/2025;MOV;2025,0;6,0;IV;> 15;100;0,0;0,0;0,0
07/2025;HJK;2025,0;7,0;I;0 a 5;9,3;1,0;0,09;0,0
07/2025;HJK;2025,0;7,0;II;6 a 10;55,9;2,0;1,12;0,0
07/2025;HJK;2025,0;7,0;III;11 a 5;73,1;2,0;1,46;0,0
07/2025;HJK;2025,0;7,0;IV;> 15;100;0,0;0,0;0,0
07/2025;HRAD;2025,0;7,0;I;0 a 5;9,3;11,0;1,02;1,0
07/2025;HRAD;2025,0;7,0;II;6 a 10;55,9;1,0;0,56;1,0
07/2025;HRAD;2025,0;7,0;III;11 a 5;73,1;2,0;1,46;2,0
07/2025;HRAD;2025,0;7,0;IV;> 15;100;1,0;1,0;1,0
07/2025;HRJP;2025,0;7,0;I;0 a 5;9,3;3,0;0,28;0,0
07/2025;HRJP;2025,0;7,0;II;6 a 10;55,9;3,0;1,68;0,0
07/2025;HRJP;2025,0;7,0;III;11 a 5;73,1;1,0;0,73;0,0
07/2025;HRJP;2025,0;7,0;IV;> 15;100;0,0;0,0;0,0
07/2025;MOV;2025,0;7,0;I;0 a 5;9,3;0,0;0,0;0,0
07/2025;MOV;2025,0;7,0;II;6 a 10;55,9;2,0;1,12;0,0
07/2025;MOV;2025,0;7,0;III;11 a 5;73,1;0,0;0,0;0,0
07/2025;MOV;2025,0;7,0;IV;> 15;100;0,0;0,0;0,0
08/2025;HJK;2025,0;8,0;I;0 a 5;9,3;1,0;0,09;0,0
08/2025;HJK;2025,0;8,0;II;6 a 10;55,9;4,0;2,24;0,0
08/2025;HJK;2025,0;8,0;III;11 a 5;73,1;3,0;2,19;1,0
08/2025;HJK;2025,0;8,0;IV;> 15;100;0,0;0,0;0,0
08/2025;HRAD;2025,0;8,0;I;0 a 5;9,3;8,0;0,74;1,0
08/2025;HRAD;2025,0;8,0;II;6 a 10;55,9;1,0;0,56;0,0
08/2025;HRAD;2025,0;8,0;III;11 a 5;73,1;0,0;0,0;0,0
08/2025;HRAD;2025,0;8,0;IV;> 15;100;0,0;0,0;0,0
08/2025;HRJP;2025,0;8,0;I;0 a 5;9,3;0,0;0,0;0,0
08/2025;HRJP;2025,0;8,0;II;6 a 10;55,9;2,0;1,12;0,0
08/2025;HRJP;2025,0;8,0;III;11 a 5;73,1;1,0;0,73;0,0
08/2025;HRJP;2025,0;8,0;IV;> 15;100;1,0;1,0;1,0
08/2025;MOV;2025,0;8,0;I;0 a 5;9,3;0,0;0,0;0,0
08/2025;MOV;2025,0;8,0;II;6 a 10;55,9;4,0;2,24;0,0
08/2025;MOV;2025,0;8,0;III;11 a 5;73,1;2,0;1,46;0,0
08/2025;MOV;2025,0;8,0;IV;> 15;100;0,0;0,0;0,0
09/2025;HJK;2025,0;9,0;I;0 a 5;9,3;1,0;0,09;0,0
09/2025;HJK;2025,0;9,0;II;6 a 10;55,9;2,0;1,12;0,0
09/2025;HJK;2025,0;9,0;III;11 a 5;73,1;1,0;0,73;0,0
09/2025;HJK;2025,0;9,0;IV;> 15;100;0,0;0,0;0,0
09/2025;HRAD;2025,0;9,0;I;0 a 5;9,3;12,0;1,12;0,0
09/2025;HRAD;2025,0;9,0;II;6 a 10;55,9;1,0;0,56;0,0
09/2025;HRAD;2025,0;9,0;III;11 a 5;73,1;0,0;0,0;0,0
09/2025;HRAD;2025,0;9,0;IV;> 15;100;0,0;0,0;0,0
09/2025;HRJP;2025,0;9,0;I;0 a 5;9,3;0,0;0,0;0,0
09/2025;HRJP;2025,0;9,0;II;6 a 10;55,9;2,0;1,12;0,0
09/2025;HRJP;2025,0;9,0;III;11 a 5;73,1;1,0;0,73;0,0
09/2025;HRJP;2025,0;9,0;IV;> 15;100;0,0;0,0;0,0
09/2025;MOV;2025,0;9,0;I;0 a 5;9,3;1,0;0,09;0,0
09/2025;MOV;2025,0;9,0;II;6 a 10;55,9;1,0;0,56;1,0
09/2025;MOV;2025,0;9,0;III;11 a 5;73,1;2,0;1,46;1,0
09/2025;MOV;2025,0;9,0;IV;> 15;100;0,0;0,0;0,0
10/2025;HJK;2025,0;10,0;I;0 a 5;9,3;2,0;0,18;0,0
10/2025;HJK;2025,0;10,0;II;6 a 10;55,9;2,0;1,12;0,0
10/2025;HJK;2025,0;10,0;III;11 a 5;73,1;3,0;2,19;1,0
10/2025;HJK;2025,0;10,0;IV;> 15;100;0,0;0,0;0,0
10/2025;HRAD;2025,0;10,0;I;0 a 5;9,3;12,0;1,12;0,0
10/2025;HRAD;2025,0;10,0;II;6 a 10;55,9;0,0;0,0;0,0
10/2025;HRAD;2025,0;10,0;III;11 a 5;73,1;0,0;0,0;0,0
10/2025;HRAD;2025,0;10,0;IV;> 15;100;0,0;0,0;0,0
10/2025;HRJP;2025,0;10,0;I;0 a 5;9,3;3,0;0,28;0,0
10/2025;HRJP;2025,0;10,0;II;6 a 10;55,9;1,0;0,56;0,0
10/2025;HRJP;2025,0;10,0;III;11 a 5;73,1;2,0;1,46;1,0
10/2025;HRJP;2025,0;10,0;IV;> 15;100;0,0;0,0;0,0
10/2025;MOV;2025,0;10,0;I;0 a 5;9,3;1,0;0,09;0,0
10/2025;MOV;2025,0;10,0;II;6 a 10;55,9;2,0;1,12;1,0
10/2025;MOV;2025,0;10,0;III;11 a 5;73,1;1,0;0,73;0,0
10/2025;MOV;2025,0;10,0;IV;> 15;100;0,0;0,0;0,0
11/2025;HJK;2025,0;11,0;I;0 a 5;9,3;2,0;0,18;0,0
11/2025;HJK;2025,0;11,0;II;6 a 10;55,9;3,0;1,6800000000000002;0,0
11/2025;HJK;2025,0;11,0;III;11 a 5;73,1;3,0;2,19;1,0
11/2025;HJK;2025,0;11,0;IV;> 15;100;0,0;0,0;0,0
11/2025;HRAD;2025,0;11,0;I;0 a 5;9,3;6,0;0,56;0,0
11/2025;HRAD;2025,0;11,0;II;6 a 10;55,9;2,0;1,12;1,0
11/2025;HRAD;2025,0;11,0;III;11 a 5;73,1;1,0;0,73;1,0
11/2025;HRAD;2025,0;11,0;IV;> 15;100;1,0;1,0;1,0
11/2025;HRJP;2025,0;11,0;I;0 a 5;9,3;2,0;0,19;0,0
11/2025;HRJP;2025,0;11,0;II;6 a 10;55,9;1,0;0,56;0,0
11/2025;HRJP;2025,0;11,0;III;11 a 5;73,1;1,0;0,73;0,0
11/2025;HRJP;2025,0;11,0;IV;> 15;100;0,0;0,0;0,0
11/2025;MOV;2025,0;11,0;I;0 a 5;9,3;2,0;0,19;0,0
11/2025;MOV;2025,0;11,0;II;6 a 10;55,9;0,0;0,0;0,0
11/2025;MOV;2025,0;11,0;III;11 a 5;73,1;0,0;0,0;0,0
11/2025;MOV;2025,0;11,0;IV;> 15;100;0,0;0,0;0,0
12/2025;HJK;2025,0;12,0;I;0 a 5;9,3;1,0;0,09;0,0
12/2025;HJK;2025,0;12,0;II;6 a 10;55,9;3,0;1,6800000000000002;0,0
12/2025;HJK;2025,0;12,0;III;11 a 5;73,1;1,0;0,73;0,0
12/2025;HJK;2025,0;12,0;IV;> 15;100;0,0;0,0;0,0
12/2025;HRAD;2025,0;12,0;I;0 a 5;9,3;14,0;1,3;1,0
12/2025;HRAD;2025,0;12,0;II;6 a 10;55,9;2,0;1,12;1,0
12/2025;HRAD;2025,0;12,0;III;11 a 5;73,1;0,0;0,0;0,0
12/2025;HRAD;2025,0;12,0;IV;> 15;100;1,0;1,0;1,0
12/2025;HRJP;2025,0;12,0;I;0 a 5;9,3;0,0;0,0;0,0
12/2025;HRJP;2025,0;12,0;II;6 a 10;55,9;2,0;1,12;0,0
12/2025;HRJP;2025,0;12,0;III;11 a 5;73,1;2,0;1,46;1,0
12/2025;HRJP;2025,0;12,0;IV;> 15;100;0,0;0,0;0,0
12/2025;MOV;2025,0;12,0;I;0 a 5;9,3;1,0;0,09;0,0
12/2025;MOV;2025,0;12,0;II;6 a 10;55,9;3,0;1,68;0,0
12/2025;MOV;2025,0;12,0;III;11 a 5;73,1;1,0;0,73;1,0
12/2025;MOV;2025,0;12,0;IV;> 15;100;0,0;0,0;0,0
01/2026;HJK;2026,0;1,0;I;0 a 5;9,3;1,0;0,09;0,0
01/2026;HJK;2026,0;1,0;II;6 a 10;55,9;2,0;1,12;0,0
01/2026;HJK;2026,0;1,0;III;11 a 5;73,1;1,0;0,73;0,0
01/2026;HJK;2026,0;1,0;IV;> 15;100;0,0;0,0;0,0
01/2026;HRAD;2026,0;1,0;I;0 a 5;9,3;17,0;1,58;0,0
01/2026;HRAD;2026,0;1,0;II;6 a 10;55,9;0,0;0,0;0,0
01/2026;HRAD;2026,0;1,0;III;11 a 5;73,1;1,0;0,73;1,0
01/2026;HRAD;2026,0;1,0;IV;> 15;100;0,0;0,0;0,0
01/2026;HRJP;2026,0;1,0;I;0 a 5;9,3;0,0;0,0;0,0
01/2026;HRJP;2026,0;1,0;II;6 a 10;55,9;2,0;1,1;1,0
01/2026;HRJP;2026,0;1,0;III;11 a 5;73,1;0,0;0,0;0,0
01/2026;HRJP;2026,0;1,0;IV;> 15;100;0,0;0,0;0,0
01/2026;MOV;2026,0;1,0;I;0 a 5;9,3;4,0;0,4;0,0
01/2026;MOV;2026,0;1,0;II;6 a 10;55,9;5,0;2,8;2,0
01/2026;MOV;2026,0;1,0;III;11 a 5;73,1;5,0;3,7;2,0
01/2026;MOV;2026,0;1,0;IV;> 15;100;1,0;1,0;1,0
02/2026;HJK;2026,0;2,0;I;0 a 5;9,3;1,0;0,09;0,0
02/2026;HJK;2026,0;2,0;II;6 a 10;55,9;2,0;1,12;0,0
02/2026;HJK;2026,0;2,0;III;11 a 5;73,1;1,0;0,73;0,0
02/2026;HJK;2026,0;2,0;IV;> 15;100;0,0;0,0;0,0
02/2026;HRAD;2026,0;2,0;I;0 a 5;9,3;14,0;1,3;0,0
02/2026;HRAD;2026,0;2,0;II;6 a 10;55,9;1,0;0,56;1,0
02/2026;HRAD;2026,0;2,0;III;11 a 5;73,1;4,0;2,92;4,0
02/2026;HRAD;2026,0;2,0;IV;> 15;100;0,0;0,0;0,0
02/2026;HRJP;2026,0;2,0;I;0 a 5;9,3;3,0;0,3;0,0
02/2026;HRJP;2026,0;2,0;II;6 a 10;55,9;0,0;0,0;0,0
02/2026;HRJP;2026,0;2,0;III;11 a 5;73,1;0,0;0,0;0,0
02/2026;HRJP;2026,0;2,0;IV;> 15;100;0,0;0,0;0,0
02/2026;MOV;2026,0;2,0;I;0 a 5;9,3;0,0;0,0;0,0
02/2026;MOV;2026,0;2,0;II;6 a 10;55,9;5,0;2,8;0,0
02/2026;MOV;2026,0;2,0;III;11 a 5;73,1;1,0;0,7;0,0
02/2026;MOV;2026,0;2,0;IV;> 15;100;0,0;0,0;0,0
03/2026;HJK;2026,0;3,0;I;0 a 5;9,3;1,0;0,09;0,0
03/2026;HJK;2026,0;3,0;II;6 a 10;55,9;2,0;1,12;0,0
03/2026;HJK;2026,0;3,0;III;11 a 5;73,1;1,0;0,73;0,0
03/2026;HJK;2026,0;3,0;IV;> 15;100;0,0;0,0;0,0
03/2026;HRAD;2026,0;3,0;I;0 a 5;9,3;12,0;1,12;0,0
03/2026;HRAD;2026,0;3,0;II;6 a 10;55,9;2,0;1,12;1,0
03/2026;HRAD;2026,0;3,0;III;11 a 5;73,1;3,0;2,19;2,0
03/2026;HRAD;2026,0;3,0;IV;> 15;100;0,0;0,0;0,0
03/2026;HRJP;2026,0;3,0;I;0 a 5;9,3;1,0;0,1;0,0
03/2026;HRJP;2026,0;3,0;II;6 a 10;55,9;3,0;1,7;1,0
03/2026;HRJP;2026,0;3,0;III;11 a 5;73,1;1,0;0,7;0,0
03/2026;HRJP;2026,0;3,0;IV;> 15;100;0,0;0,0;0,0
03/2026;MOV;2026,0;3,0;I;0 a 5;9,3;2,0;0,2;0,0
03/2026;MOV;2026,0;3,0;II;6 a 10;55,9;5,0;2,8;1,0
03/2026;MOV;2026,0;3,0;III;11 a 5;73,1;2,0;1,5;1,0
03/2026;MOV;2026,0;3,0;IV;> 15;100;0,0;0,0;0,0
04/2026;HJK;2026,0;4,0;I;0 a 5;9,3;1,0;0,09;0,0
04/2026;HJK;2026,0;4,0;II;6 a 10;55,9;2,0;1,12;0,0
04/2026;HJK;2026,0;4,0;III;11 a 5;73,1;1,0;0,73;0,0
04/2026;HJK;2026,0;4,0;IV;> 15;100;0,0;0,0;0,0
04/2026;HRAD;2026,0;4,0;I;0 a 5;9,3;10,0;0,93;0,0
04/2026;HRAD;2026,0;4,0;II;6 a 10;55,9;2,0;1,12;0,0
04/2026;HRAD;2026,0;4,0;III;11 a 5;73,1;3,0;2,19;2,0
04/2026;HRAD;2026,0;4,0;IV;> 15;100;0,0;0,0;0,0
04/2026;HRJP;2026,0;4,0;I;0 a 5;9,3;2,0;0,2;0,0
04/2026;HRJP;2026,0;4,0;II;6 a 10;55,9;2,0;1,1;0,0
04/2026;HRJP;2026,0;4,0;III;11 a 5;73,1;0,0;0,0;0,0
04/2026;HRJP;2026,0;4,0;IV;> 15;100;0,0;0,0;0,0
04/2026;MOV;2026,0;4,0;I;0 a 5;9,3;3,0;0,3;0,0
04/2026;MOV;2026,0;4,0;II;6 a 10;55,9;3,0;1,7;0,0
04/2026;MOV;2026,0;4,0;III;11 a 5;73,1;2,0;1,5;2,0
04/2026;MOV;2026,0;4,0;IV;> 15;100;3,0;3,0;2,0
05/2026;HJK;2026,0;5,0;I;0 a 5;9,3;1,0;0,09;0,0
05/2026;HJK;2026,0;5,0;II;6 a 10;55,9;2,0;1,12;0,0
05/2026;HJK;2026,0;5,0;III;11 a 5;73,1;1,0;0,73;0,0
05/2026;HJK;2026,0;5,0;IV;> 15;100;0,0;0,0;0,0
05/2026;HRAD;2026,0;5,0;I;0 a 5;9,3;17,0;1,58;0,0
05/2026;HRAD;2026,0;5,0;II;6 a 10;55,9;2,0;1,12;1,0
05/2026;HRAD;2026,0;5,0;III;11 a 5;73,1;0,0;0,0;0,0
05/2026;HRAD;2026,0;5,0;IV;> 15;100;2,0;2,0;2,0
05/2026;HRJP;2026,0;5,0;I;0 a 5;9,3;4,0;0,4;0,0
05/2026;HRJP;2026,0;5,0;II;6 a 10;55,9;5,0;2,8;0,0
05/2026;HRJP;2026,0;5,0;III;11 a 5;73,1;0,0;0,0;0,0
05/2026;HRJP;2026,0;5,0;IV;> 15;100;0,0;0,0;0,0
05/2026;MOV;2026,0;5,0;I;0 a 5;9,3;1,0;0,1;0,0
05/2026;MOV;2026,0;5,0;II;6 a 10;55,9;3,0;1,7;0,0
05/2026;MOV;2026,0;5,0;III;11 a 5;73,1;1,0;0,7;1,0
05/2026;MOV;2026,0;5,0;IV;> 15;100;0,0;0,0;0,0
06/2026;HJK;2026,0;6,0;I;0 a 5;9,3;1,0;0,09;0,0
06/2026;HJK;2026,0;6,0;II;6 a 10;55,9;2,0;1,12;0,0
06/2026;HJK;2026,0;6,0;III;11 a 5;73,1;1,0;0,73;0,0
06/2026;HJK;2026,0;6,0;IV;> 15;100;0,0;0,0;0,0
06/2026;HRAD;2026,0;6,0;I;0 a 5;9,3;15,0;1,4;1,0
06/2026;HRAD;2026,0;6,0;II;6 a 10;55,9;4,0;2,24;2,0
06/2026;HRAD;2026,0;6,0;III;11 a 5;73,1;1,0;0,73;0,0
06/2026;HRAD;2026,0;6,0;IV;> 15;100;0,0;0,0;0,0
06/2026;HRJP;2026,0;6,0;I;0 a 5;9,3;3,0;0,3;0,0
06/2026;HRJP;2026,0;6,0;II;6 a 10;55,9;1,0;0,6;0,0
06/2026;HRJP;2026,0;6,0;III;11 a 5;73,1;3,0;2,2;1,0
06/2026;HRJP;2026,0;6,0;IV;> 15;100;1,0;1,0;0,0
06/2026;MOV;2026,0;6,0;I;0 a 5;9,3;2,0;0,2;0,0
06/2026;MOV;2026,0;6,0;II;6 a 10;55,9;2,0;1,1;0,0
06/2026;MOV;2026,0;6,0;III;11 a 5;73,1;3,0;2,2;1,0
06/2026;MOV;2026,0;6,0;IV;> 15;100;1,0;1,0;1,0
07/2026;HJK;2026,0;7,0;I;0 a 5;9,3;1,0;0,09;0,0
07/2026;HJK;2026,0;7,0;II;6 a 10;55,9;2,0;1,12;0,0
07/2026;HJK;2026,0;7,0;III;11 a 5;73,1;1,0;0,73;0,0
07/2026;HJK;2026,0;7,0;IV;> 15;100;0,0;0,0;0,0
07/2026;HRAD;2026,0;7,0;I;0 a 5;9,3;0,0;0,0;0,0
07/2026;HRAD;2026,0;7,0;II;6 a 10;55,9;0,0;0,0;0,0
07/2026;HRAD;2026,0;7,0;III;11 a 5;73,1;0,0;0,0;0,0
07/2026;HRAD;2026,0;7,0;IV;> 15;100;0,0;0,0;0,0
07/2026;HRJP;2026,0;7,0;I;0 a 5;9,3;1,0;0,1;0,0
07/2026;HRJP;2026,0;7,0;II;6 a 10;55,9;1,0;0,6;0,0
07/2026;HRJP;2026,0;7,0;III;11 a 5;73,1;1,0;0,7;1,0
07/2026;HRJP;2026,0;7,0;IV;> 15;100;0,0;0,0;0,0
07/2026;MOV;2026,0;7,0;I;0 a 5;9,3;0,0;0,0;0,0
07/2026;MOV;2026,0;7,0;II;6 a 10;55,9;0,0;0,0;0,0
07/2026;MOV;2026,0;7,0;III;11 a 5;73,1;2,0;1,5;0,0
07/2026;MOV;2026,0;7,0;IV;> 15;100;0,0;0,0;0,0
08/2026;HJK;2026,0;8,0;I;0 a 5;9,3;1,0;0,09;0,0
08/2026;HJK;2026,0;8,0;II;6 a 10;55,9;2,0;1,12;0,0
08/2026;HJK;2026,0;8,0;III;11 a 5;73,1;1,0;0,73;0,0
08/2026;HJK;2026,0;8,0;IV;> 15;100;0,0;0,0;0,0
08/2026;HRAD;2026,0;8,0;I;0 a 5;9,3;0,0;0,0;0,0
08/2026;HRAD;2026,0;8,0;II;6 a 10;55,9;0,0;0,0;0,0
08/2026;HRAD;2026,0;8,0;III;11 a 5;73,1;0,0;0,0;0,0
08/2026;HRAD;2026,0;8,0;IV;> 15;100;0,0;0,0;0,0
08/2026;HRJP;2026,0;8,0;I;0 a 5;9,3;2,0;0,2;1,0
08/2026;HRJP;2026,0;8,0;II;6 a 10;55,9;1,0;0,6;1,0
08/2026;HRJP;2026,0;8,0;III;11 a 5;73,1;1,0;0,7;0,0
08/2026;HRJP;2026,0;8,0;IV;> 15;100;0,0;0,0;0,0
08/2026;MOV;2026,0;8,0;I;0 a 5;9,3;1,0;0,1;0,0
08/2026;MOV;2026,0;8,0;II;6 a 10;55,9;0,0;0,0;0,0
08/2026;MOV;2026,0;8,0;III;11 a 5;73,1;0,0;0,0;0,0
08/2026;MOV;2026,0;8,0;IV;> 15;100;0,0;0,0;0,0
Total;;;;;;;;;
;;;;;;;;;
Filtros aplicados: Mês não é (Em branco) estabelecimento não é (Em branco), CEPAI ou MGT Status operacional é Filtro de Ex-Unidades AnoMes não é (Em branco);;;;;;;;;
